3.717674624807323802e+00,5.745299361193434429e-01,9.110135056851387247e-02,-9.114473858093536940e-01,2.771264070989856165e-01,-1.187331832682285704e-01,3.703275033979567255e-01,-7.537004267269340474e-01,4.651975384151973980e-02,6.297486061280224146e-01,-4.942123536173081977e-01,3.502340846679218300e-01,-4.420214155284052371e-02
4.523779694071104807e+00,7.450108638394636884e-02,-2.295396804533971213e-01,-1.315603825051709030e+00,1.018954028813801038e-01,2.399427551658266378e-01,5.466107248395180029e-01,-3.294512369194129153e-01,3.135529791655433662e-01,4.848921991637664686e-01,-1.864644199378823197e-01,-1.550205758737421835e-01,-2.624887382041406481e-01
4.568481484398569492e+00,5.897191013325286946e-02,-6.264038073370272741e-01,-1.231325739389528717e+00,3.467587353558638785e-01,-3.943088935507728099e-01,5.425089283814747976e-01,-1.196245101668671484e-01,4.504423074509098512e-01,6.187561703535433555e-01,-3.158536108213542137e-01,-3.387080002783197097e-01,-9.869844771973601549e-02
4.500602729716850270e+00,-3.393355557037929238e-01,-2.957354573791430852e-01,-8.797709777616931071e-01,-8.219592455208024617e-02,-1.346124630224612151e-01,4.805758936457804609e-01,-7.328685772628440454e-02,6.266965190763460480e-01,3.482603651308310844e-01,-5.325405612884631656e-01,-2.867926149966013583e-01,2.543946624371138387e-01
4.372920453482272762e+00,-2.997339833140966192e-01,-4.764466936965976451e-01,-6.129618032286083817e-01,-2.236253740468883144e-01,-4.170884145818314348e-01,7.080934440155075560e-01,2.006901190441776617e-01,3.887403131946640666e-01,1.994995338264943241e-03,-6.203629588301085018e-02,-1.334460695722312629e-01,1.075366853000943035e-01
4.445100426635015367e+00,-3.684980840891181053e-01,1.371253248456314466e-01,-4.452631785692344746e-01,-7.205747440809002757e-01,-6.848066252782361030e-01,7.431318567724249924e-01,5.499855917250797699e-01,4.247884371144768911e-01,-6.183814327985162618e-02,3.673283257248571854e-02,-3.629983335471109740e-01,1.620975429855280314e-01
4.097510761574334026e+00,5.462817557581178818e-02,4.666650868591846191e-01,-4.025364785909151255e-01,-9.067752924280090276e-01,-9.403868544786140315e-01,6.454862268888268417e-01,6.198563166709980532e-01,5.225384331901828938e-01,-1.891714339631607178e-01,3.372233383027877229e-01,-7.600876073023288271e-03,-1.816475930704021247e-01
3.890290625674427183e+00,8.120047473760116929e-01,8.967948863356507427e-01,1.736302638432203338e-01,-1.596732250766319972e+00,-1.140653115142752361e+00,5.075139483893327252e-01,3.251136839317799732e-01,3.147292008977092825e-01,2.337336761002414276e-01,3.971375730303080553e-01,4.781998505767670604e-02,-3.758591562350277471e-01
4.014375196094771781e+00,4.642234560262528120e-01,1.152401873757940232e+00,2.702428515546482224e-01,-1.140893504601208308e+00,-9.373679792314060233e-01,7.212436691561092683e-01,-1.502122903669957932e-01,-2.981166436299076405e-02,3.016086375179324319e-01,3.742400741814710941e-01,1.046518012112428453e-01,-2.725413995861398764e-01
4.036688533690229619e+00,8.495044097753523538e-01,6.892843628168068282e-01,-1.133541665836936829e-01,-9.905919485244329969e-01,-1.727528175288064460e-01,4.448261792213290544e-01,-1.147926357182871282e-01,4.452450925537743132e-02,1.278702141925023295e-01,2.071886312211849157e-01,-3.309739606257089406e-02,9.937204689702661131e-02
3.293535347049420192e+00,1.024129290023067629e+00,1.280259758524351144e+00,-6.699030450093768074e-02,-1.118224919271451512e+00,-1.695771530205398836e-01,4.476032594708804213e-01,-3.747298219758554705e-02,1.634873212223224570e-01,2.301252398838973257e-01,-5.213529598696786671e-02,-7.367319759815527114e-03,5.549516575669277696e-02
2.687515194837466481e+00,8.700942340155637389e-01,1.258589449170842034e+00,-1.997293383439973091e-01,-1.428572524128822296e+00,3.272185397022908671e-01,3.731016797002725260e-01,-3.035037154238040547e-02,3.983918035085550757e-01,4.632694202460909683e-01,5.513466463069420787e-01,-1.019452915511088742e-01,1.602013870608478552e-01
2.363269170942944974e+00,5.976929013035316984e-01,1.648489294387154303e+00,3.391908554242206719e-02,-1.221536390803811933e+00,4.353079156322336996e-01,4.492262119434546896e-01,3.856676975514643502e-01,4.068760791238259511e-01,1.797098406932638448e-01,1.265768912490432552e-01,1.017043338232156424e-01,-1.788964021869753340e-01
2.405620179511496204e+00,1.904775113317151991e-01,1.768949549907461671e+00,4.541722381476098747e-03,-8.090857749726467762e-01,6.678842791771264498e-01,1.494624251986498287e-01,1.525503103022674001e-01,2.105620654275464076e-02,-2.341912851842136156e-01,3.411011374062944412e-02,2.404984058109939093e-01,3.015591541069215786e-01
2.072582138594577295e+00,-1.652460726905924382e-01,1.671581998730209184e+00,2.463119711170782544e-01,-4.001456955725717357e-01,4.471850894726172587e-01,6.913013971135100189e-01,2.948352310003719001e-01,-4.590005750465775414e-02,-2.080511739804308258e-02,1.525411460518503182e-01,-2.726554408848638200e-01,5.121572659136608419e-02
1.989256454786431982e+00,-2.113494441355112663e-01,1.195945741466291068e+00,-7.843436008053306097e-02,-8.280692525249762070e-01,4.590107065068225189e-01,1.030871392351572879e+00,2.748616288657400597e-01,-4.741045178712322006e-02,4.349998134070270916e-01,1.154673944000913499e-01,-1.537058239346245081e-02,3.511310816474058072e-01
2.231138385301882021e+00,-2.461145818474226310e-01,9.457033846223328322e-01,-4.886202997461919217e-02,-5.790326841531392432e-01,3.587887399104225938e-01,1.235025890355038181e+00,4.793884982149079210e-01,2.204018586650848821e-01,4.145979328109683504e-01,2.911047067665477606e-01,2.859884306005411325e-02,3.966068341583511847e-02
1.854365330647796073e+00,-3.201986246465058361e-01,8.857638746123244200e-01,3.738637457913562834e-02,-6.083513736137620143e-01,5.922221575651831493e-01,1.149566200237953417e+00,6.942874184276920380e-01,6.412944885083162738e-01,2.954257526724187177e-01,2.647210903764396495e-01,6.710979785198900593e-02,2.727298634752263196e-01
2.229175122276411791e+00,2.188004963262173419e-01,4.805402906556703879e-01,3.195122262099017174e-01,-5.264573132066148187e-01,3.474134766368115468e-01,5.079045827630827015e-01,2.389642720331184300e-01,4.777348463593878991e-01,3.941676428433481538e-01,4.749933296356514401e-01,1.301364484003340038e-01,2.703964825807299022e-01
2.505834259496950267e+00,3.730049103007981870e-02,4.728140046395223894e-01,1.103581697662321393e-01,-4.567144249053951555e-01,2.652293596501802408e-01,6.514032454780207537e-01,2.392830880994771814e-01,2.415660387652851515e-02,1.719187764586782574e-02,2.838155659373830519e-01,3.564759917917519338e-01,1.248834053143310641e-01
3.312639886061535588e+00,-2.116671954321300841e-01,-1.458232851253900009e-01,3.543620491128864902e-01,-5.803338604495533737e-01,-2.977752752892028898e-01,5.139560646630088048e-01,4.749230771622183767e-01,2.468331162536564483e-01,9.003524808622070941e-03,1.053547463921628013e-02,9.425366001804003080e-02,1.558359763069309678e-01
3.635915442705796252e+00,-1.730012847788382491e-01,-2.100445397002994596e-01,1.665670409922537232e-02,-6.906151470334127573e-01,-1.843948889240490940e-01,8.246224651425343444e-01,5.219114985716433175e-01,2.679649231090749373e-01,1.417316736929327692e-01,-1.220722414534625155e-01,1.147686489519277320e-01,3.520527183268350457e-01
3.810952767833197363e+00,-1.548837430538179127e-01,-2.485801693941767088e-01,8.121960391669191814e-02,-3.355300526686484375e-01,-2.524412368109386628e-01,6.069862370435252785e-01,6.543459425669133633e-01,3.042508789729239105e-01,4.502959081376550765e-02,-1.780113196884660631e-01,9.221155007274484117e-02,5.495386288309067613e-02
4.077646668929979512e+00,-2.942661955401448814e-01,-4.816796170106396602e-02,-1.758510178011467584e-01,-4.033235248964148756e-01,-3.395471265675203965e-01,6.832797455685279964e-01,4.550915466860054881e-01,4.890161105782939721e-01,6.476674855971453759e-02,-3.649501386326358121e-01,3.484968741467753262e-02,2.577931429783006934e-01
4.425467119576577346e+00,-2.217921828862579048e-01,-1.705005184022767573e-01,-3.555744680139194536e-01,-1.442078641222701574e-01,-2.441036808324161811e-01,7.010499378187278197e-01,6.295274624971223254e-01,4.759983744582941823e-01,-7.124305991438154018e-02,-2.498045219315788712e-01,5.352044527991961509e-02,2.481462251236644656e-01
4.220793719459562610e+00,-3.072957132079672249e-01,1.321458844883429684e-01,-5.010642391158810494e-01,-3.069817830268521952e-01,-3.814515117467172090e-01,4.414540579908630136e-01,5.165253602771804342e-01,8.802150045921911525e-01,-4.002318674174809576e-02,-4.453057719126772840e-01,1.526329507483277226e-01,3.182521420923246636e-01
4.745177069605258424e+00,-2.478622803992456269e-01,1.081336917787014684e-01,-1.615657504542653555e-01,-4.542189694139382450e-01,-4.603096182130561598e-01,3.185984744697121229e-01,2.549601881432563832e-01,1.322005127710584205e+00,2.218505948571278252e-02,-6.955389509557693417e-01,1.764006920832789094e-01,4.004152504214106845e-01
4.703874382753980399e+00,-2.012767045964118928e-01,2.108589894505765727e-01,-2.428969916694843079e-01,-3.672168610016317558e-01,-5.334400713948008743e-01,2.171610431215347248e-01,3.972537907783380007e-01,1.052668850309581128e+00,-4.587440679200743832e-02,-2.890387666661354826e-01,5.225654971292847950e-02,5.638798107118053737e-01
5.093495895243717264e+00,1.585462123561951486e-01,5.404759557654914559e-02,-4.377767771819562892e-01,-9.881243040161802327e-02,-5.927053305392970817e-01,-8.158890093017978629e-02,4.354677518666126845e-01,9.942031335335239639e-01,9.302051823842971690e-02,-3.940777547860493391e-01,2.152885372218626969e-01,4.564005720703468993e-01
5.480365319445402505e+00,5.203051367070399280e-01,-2.203272310896275954e-01,-3.522732825986314431e-01,1.803007131985294720e-01,-5.197526138331765022e-01,-1.149576509379766076e-01,1.503410216509704078e-01,7.786396149396167532e-01,1.879876568779517143e-01,-2.037187560863764624e-01,9.348248814976978238e-02,4.615926690373058916e-01
4.766210926910392054e+00,1.111335926444656952e+00,8.249988342423859589e-01,3.610298660553534766e-01,1.610830485590624139e-01,-1.988925954067743973e-02,-1.143462280793385855e-01,-1.571899154881770677e-01,4.540448857768683011e-01,1.859885525914906079e-01,-1.945615069994962587e-01,1.395138674898104281e-01,4.528233734457581816e-01
3.991178803302259048e+00,1.448692252117677715e+00,7.347550514586238535e-01,6.994014711130294160e-01,7.112724581852147843e-02,1.302671005214037780e-01,-3.266852378879128160e-01,6.513720238680242858e-03,1.298067689632731447e-01,2.221322606667389676e-01,7.680328744093167792e-02,3.227413068828725029e-01,3.158672445629964187e-01
3.517919477503276937e+00,1.191565146652947771e+00,6.967374518042475096e-01,6.010727879636905691e-01,2.991269699933494230e-01,-1.400601711826325868e-01,-2.198076610969432743e-01,5.194873859680271266e-02,2.393573255061612892e-01,1.817030917990367089e-01,8.416553533974113765e-02,3.059624803901769274e-01,2.630775045069465579e-01
3.110108167963822279e+00,1.152300978480900184e+00,6.316674856834287866e-01,2.292868604604203497e-01,-3.649700974742700055e-01,-3.099915747551973411e-03,-1.710092938605289881e-02,1.839700872639415952e-01,4.279542477634251663e-01,4.405449537644262614e-02,2.663795482284992966e-01,1.710059709513900295e-01,6.807738341330615839e-02
2.870934794642653998e+00,1.188157254239127880e+00,1.004238220087739109e+00,4.702663646165641254e-01,-3.035013892830809024e-01,1.403223495943963783e-01,5.619850736975351424e-04,2.754250244912754830e-01,1.643315496392614428e-01,-5.907972609053130375e-02,-2.214174760026553779e-01,1.725064573371155596e-01,4.703113803681006067e-01
2.342266192679414161e+00,1.423079057500504785e+00,9.854349343707493603e-01,9.125683790956129471e-01,1.049164226103054265e-01,1.925532825874647358e-01,-1.056447578259952502e-01,-1.710446250492902998e-02,-1.636004422509056422e-01,5.056981629181456217e-02,-1.951668058067957956e-01,3.311526350054891932e-01,1.809423860513315052e-01
3.051124302358527274e+00,1.142613722586193425e+00,8.876301803826103232e-01,8.427233333539758675e-01,-1.193763825159388503e-02,-1.580100340494015043e-01,-2.542883833947537919e-01,-4.314037661484593222e-02,1.085741831228594911e-01,9.137980534614242867e-02,1.246703132235817968e-01,1.537932587507085946e-01,1.643649394104046424e-01
3.862760252430978980e+00,5.849095065718676878e-01,6.255956229113381895e-01,2.935795791850690506e-01,-5.012655249468080942e-01,-4.772441326457248501e-01,-2.599202924386498914e-01,-1.548872376193974887e-01,4.093468206625934247e-01,1.207242024140545711e-01,-3.012570798825057183e-01,4.873468629893213944e-01,2.183141499808456398e-01
3.588946659670657624e+00,4.698356145631041869e-01,5.076798303525684730e-01,2.386146272580371708e-01,-1.148117213100361855e+00,-7.562455700245842571e-01,-1.388361913004441117e-01,-4.867812639059909685e-02,7.643008193262568195e-01,2.332859269198720442e-01,2.169110161967122696e-01,8.602861715755665273e-01,6.139358980087903372e-01
3.292367860523258472e+00,7.344590723151505074e-01,5.548041789557562886e-01,4.366352704759708381e-01,-1.293303918754195259e+00,-4.179262727419035262e-01,4.352961613479131575e-01,-1.796217949416589743e-02,3.281678797804491454e-01,-5.434310339196368744e-02,2.564004681206298875e-01,5.768158263820071241e-01,-2.436763843793611217e-01
2.818759580184412528e+00,9.970665461506502680e-01,1.164535442551007272e+00,9.932517956214401700e-01,-1.189863226708787192e+00,-6.842619450417026794e-01,-3.071901466384319157e-02,-8.326010898971558660e-03,5.534706447714001776e-01,9.278474209991355304e-02,4.176375703966188624e-01,7.812875490930110134e-01,3.789342597806955037e-02
2.508677597522701141e+00,1.015987306939123869e+00,1.208013845779725814e+00,7.099104415633519238e-01,-1.148547315168788163e+00,-1.183683479957284845e-01,4.919376343117387584e-01,-1.803592480087019556e-01,6.035285493494654263e-01,2.690212644138543774e-01,1.885216838596813771e-01,1.640199452962297633e-01,-3.979597364669099635e-01
2.939884559515304918e+00,1.279160456525878509e+00,1.069036480856532023e+00,2.975351974639020014e-01,-1.483321380439578174e+00,-5.542906698474439064e-01,6.894750389982691186e-01,-2.853464614105842845e-01,1.706478830698795468e-01,1.726039833762857967e-01,3.970740465609656766e-01,4.570830959924377934e-01,-5.688486683740556771e-03
3.634265669414348032e+00,1.215688246310874021e+00,8.672048360183928217e-01,-2.428046437112474365e-02,-1.292288483585805947e+00,-4.775559431146543243e-01,1.484717785253906186e-01,-3.017275807588988279e-01,7.136444115653568510e-01,2.186011384410764813e-01,3.743138105307138863e-01,2.224693570741081983e-01,1.192334144806631580e-01
3.845965246813326743e+00,1.213580032160947120e+00,1.102118818277697976e+00,8.122145042202211229e-02,-1.299837322654716631e+00,-2.971741448264790808e-01,3.858340640997766080e-01,-5.669452377188359815e-01,1.215823532720948785e-01,2.893667681397308344e-01,5.248113474517698274e-01,2.697767744240263665e-01,1.225182189101224894e-01
4.077985309423603155e+00,1.435299585397967093e+00,1.225778653314982813e+00,-1.540895329747269393e-01,-1.515512741810625341e+00,-2.557196827205208134e-01,4.583676213029783675e-01,-5.610418994980139740e-01,-1.141231099691745188e-01,5.408154189876038243e-02,4.712441589078831816e-01,2.906277176506889548e-01,2.907936605629254379e-01
3.949779925001004610e+00,9.270617664321525453e-01,1.256262804157799229e+00,2.055497525501071010e-01,-1.524216595144876951e+00,-6.833845845249304496e-01,4.879319345897978888e-01,-4.997574472167873871e-01,-6.313282550304388785e-02,1.964148120536659547e-01,2.524350666324635117e-01,1.958534839148611262e-01,2.063323776051428915e-02
3.722239351958575249e+00,1.150015204101059396e+00,1.223029057908115336e+00,2.719882264728379351e-01,-1.184643905700694999e+00,-6.921289359763769244e-01,7.425944366344758851e-01,-9.984667252758649969e-01,1.625045939943506879e-01,1.523108204776521535e-01,4.378811217511831000e-01,2.878006464224557304e-01,6.429401402618528660e-02
3.485316065126838669e+00,5.064422896809555041e-01,1.357621729310029224e+00,6.489685853176707653e-01,-1.144987295083009338e+00,-6.403138839177902053e-01,6.775873871917210689e-01,-1.062538193456543878e+00,2.659991151507742346e-01,-7.691079372392950475e-02,3.040864438673629433e-02,2.247724008974313348e-01,3.724339066567120549e-01
3.503248982249408172e+00,1.486864593299785042e+00,1.345052775962796598e+00,9.681070532456725886e-02,-8.739371671146072273e-01,-5.968765241044198255e-01,4.543136456569023540e-01,-1.125173582416665319e+00,1.406642554914504517e-01,-1.975128617878104675e-01,2.602777921982242226e-01,9.032969617022212905e-02,3.902420196434730482e-02
3.779606851279337931e+00,1.411155952534397517e+00,1.600935699916524513e+00,1.400509517134134185e-01,-8.645217804483964485e-01,-4.579483732416621544e-01,3.196429998964080976e-01,-1.150465221333103916e+00,1.641382499183673405e-01,-1.384469082588085098e-01,1.083259916870142892e-01,1.535492678775370878e-01,-9.146548531996145925e-02
3.437690374157620354e+00,1.880691930148600477e+00,2.320302476209828768e+00,4.181774228021062356e-01,-1.046371579966027809e+00,-4.045353607419409636e-01,2.732324923982152320e-01,-1.077491394576507666e+00,9.115287998169940842e-02,1.487423513681961351e-01,-8.955008998932856290e-02,9.835260447640381543e-04,-2.154003278196732207e-01
3.561393989870080379e+00,1.951897226711435174e+00,2.343249032887443128e+00,3.730454974368826448e-01,-6.737848014716976142e-01,-5.808493836486583461e-02,1.500883970803967848e-01,-1.420947037678763181e+00,9.166441625915666691e-02,1.848559039169155316e-01,2.557390445391549694e-01,-6.136141665484584617e-02,-2.206539176717039474e-01
3.602298806196146064e+00,2.194371627330392815e+00,1.966085505106714537e+00,8.687351709604729244e-01,-7.792294602162046502e-01,3.562266418123016809e-01,1.291062897973919155e-01,-1.314108839942463636e+00,-1.937490188596637797e-01,3.491780870589397123e-01,-2.595841128545661736e-02,3.176383084696154935e-02,-2.170503697325024683e-01
3.232833043568361209e+00,2.669062661635985823e+00,1.968133082221540819e+00,5.697643053581655792e-01,-6.940713903600455037e-01,4.072547287753323086e-01,3.713681117237070950e-01,-1.305225866443437299e+00,2.086017405412927683e-01,2.823668501369103190e-02,2.395969752348670045e-02,6.920758054735998144e-02,-1.745474065208418857e-02
2.240347022114002495e+00,1.994319366375043145e+00,2.222716343296761821e+00,6.570840585577237825e-01,-3.895351969915692436e-01,-1.575765590655313630e-01,3.685151932744169523e-01,-2.928197377088084252e-01,-2.292984989477502289e-01,-5.960315019692280503e-02,-4.563473036804377436e-01,-2.744587866686503119e-01,1.780517416571417710e-01
1.128637278096741081e+00,1.811237825974842064e+00,1.702224070429470881e+00,6.714481922452231188e-01,-4.067183750258305253e-01,-1.919915790314487003e-01,9.932272041202505619e-03,-1.789926049150641352e-01,-2.608335463803741483e-01,1.007464660227966879e-01,-8.213558194889603037e-02,1.348237726943024573e-01,6.092948794761399167e-02
-5.789416207519721969e-01,1.543698337365067896e+00,1.362392466339229946e+00,1.328141727821843254e-01,2.444668488493118019e-03,-4.288388624201358024e-01,-6.531281614137851577e-03,6.537204342423236225e-02,-2.793514537578005164e-01,1.459044138085920372e-01,1.828231819537040614e-01,-1.346887130510114883e-01,1.089846910489186138e-01
-1.150648815425656446e+00,1.393127187424188174e+00,1.023723088950941884e+00,-1.931033709396543507e-01,-2.414008439854273824e-01,-8.880539546701271547e-02,5.163831929867535031e-02,-7.537445141031429152e-02,-5.612307465179205979e-01,-4.060940550497349477e-02,-9.750392359107307172e-02,-4.782015176426118730e-02,2.427904377793077551e-02
-9.139577808120138425e-01,1.417228114130048455e+00,4.173084488817317972e-01,-4.739481887414388472e-01,-1.177649302765901851e-01,5.787802970695965499e-02,2.364073140573043075e-01,6.293071672080330359e-02,-7.162596834214174368e-02,4.214237883375580029e-01,-8.315385704525807276e-02,-3.129348007935751075e-01,-2.504564275822983022e-01
-1.326494097388442706e+00,1.067419257595399795e+00,8.831667050528801965e-02,-4.566883011436534412e-01,-1.908860269216587913e-01,1.000283138120980908e-01,3.250167655576370329e-01,-4.416650736056407789e-01,-1.143011688747160859e-01,-2.380399825838960814e-01,8.344615857438342221e-02,1.707824719133215763e-01,-3.443420825719487599e-01
-1.552077958007815450e+00,1.324598285000648135e+00,3.468556807856242319e-01,-9.370024281316768899e-02,2.680436358275604114e-01,-1.241410538178339129e-01,-5.981967910818453138e-02,1.701047223955604037e-02,-7.185093997169628155e-02,-2.924286662717702767e-01,8.869556274367962345e-02,4.651870065526930720e-02,-2.045343289626072592e-01
-1.703012679961962927e+00,8.456428001452340748e-01,3.250296134819927740e-01,-1.260201408088963415e-01,-1.410913819771002498e-01,-2.245244463771164378e-01,3.423131689342621131e-01,2.284293245202358991e-01,-2.549964720623351111e-01,-1.720840726817103317e-01,-1.141092409052729684e-02,1.533620846198306964e-01,3.678378186588676657e-02
-2.036743604465373281e+00,5.903807760311723385e-01,3.247097049940632640e-01,-3.058133794586528342e-01,-9.249270301271428352e-03,-6.773545561037154217e-01,4.220964678052773200e-01,9.990074685332983595e-02,-4.236932574939089591e-02,1.365586122990610773e-01,4.955129271953867542e-02,-3.720349674066569801e-02,-2.237367717864498506e-01
-1.101813689194462764e+00,8.769350187565589927e-01,5.415933856560393167e-01,-3.479081529055590982e-01,-3.526664282498415126e-01,-3.566530217930172775e-01,2.626863873035492070e-01,-3.352484621737805703e-02,-4.499927407856000316e-01,-2.114761719894109326e-02,2.471137203864749443e-01,1.897280409717780891e-01,3.327170507662090548e-01
2.274928880168829437e-01,1.372950170135145198e+00,1.483673797059850585e+00,1.441274799190628286e-02,1.887307189022617848e-01,2.823649783770929567e-01,3.616846036688321497e-01,3.932738027188942276e-01,-6.963335967660311265e-02,3.724043676064159314e-02,5.787022782599593462e-02,-1.043654723998820311e-01,-2.248901116313878346e-02
2.761242733063848931e+00,2.018777584496809663e+00,1.566593778856447017e+00,2.525624529795882367e-01,-3.972510963188178312e-01,-2.264106366381957169e-01,-2.080477886075294824e-01,-8.513658201821400207e-02,-3.391598856282863617e-01,-5.491401809796891964e-02,2.646696297993976765e-01,1.034798998005868054e-01,-1.335572130913195710e-01
3.000569940846202766e+00,1.578906080044831128e+00,2.031778827402658472e+00,4.293918101162912393e-01,-5.634920710818247525e-01,-2.156786213671608721e-01,5.625115287564153022e-02,-3.616116459793838889e-01,-2.870696936697901824e-01,1.256852869170612952e-01,-1.688709165473534224e-02,-2.717294099376266203e-02,-2.548660150119619328e-01
2.802738988044375823e+00,1.575946553394343752e+00,2.403237720473423433e+00,8.192894758045476955e-01,-8.690646235354315685e-01,-2.118449736774330461e-02,-2.722987586971615803e-01,-5.332908129229650962e-01,-3.471353676148440925e-01,-4.037203539931605301e-02,-1.519174425885803092e-01,-4.626947433114702024e-01,-4.609433148068120545e-02
3.012149320056996427e+00,1.904985560885821272e+00,1.864004861747096786e+00,1.173483269940489571e-01,-4.542717365119623985e-01,-6.976718216248123383e-02,4.496175824109960306e-02,-4.813585949106884421e-01,-2.051753674416327833e-01,1.096835449899491999e-01,-1.816232786169996727e-01,-1.869528858717303121e-01,-2.211405006184484767e-01
2.781319894875054377e+00,2.287099139769086520e+00,1.856788485691757362e+00,7.923805885388146564e-02,-2.072355798255920423e-01,1.820412477222226322e-01,-1.655188607985493832e-01,-4.230060816028620163e-01,-6.316490905331229033e-02,2.166025836971954832e-01,1.628866237873545231e-01,4.705081110788467136e-02,2.404528609918343829e-02
2.655327861541556977e+00,2.654007736480753721e+00,1.646436528114205489e+00,5.351632243190258542e-01,1.936545946533581031e-01,-3.265758878975266732e-01,-1.938654127435217589e-01,1.910963498817919159e-02,-5.280598576998674076e-02,-8.904766869105351645e-03,3.139927275503133774e-01,-8.589770020662024219e-02,-4.927897553700810729e-02
2.380470390156733451e+00,1.723794414213411397e+00,1.310621864263124436e+00,5.764238345460697133e-01,5.630312951735938487e-01,-1.427558181423742578e-01,-1.014608667016061450e-01,-1.357717422423316833e-01,-3.841841319402369281e-01,-7.573179895152970520e-02,2.374625109388038835e-01,-1.836190858373660806e-01,1.639767472540566429e-01
2.162762182316308568e+00,1.402081530545624233e+00,1.159073418545397027e+00,2.545870799607121704e-01,1.817244454534512332e-01,1.504837999983663632e-01,-2.169094171761571932e-01,-1.637263502925365710e-01,-5.531032366442236725e-01,-2.803848943083817602e-01,-3.193499880547016057e-01,-7.912691956584771980e-02,-1.524385669874213090e-01
8.438841745983789444e-01,8.854680412100774944e-01,1.499125683402819487e+00,-1.359198787150153187e-01,-3.394384564577745955e-02,3.232456013494848790e-01,-1.200887952310363271e-01,-5.285329419993923805e-01,-6.422711812890021799e-01,-3.722559866830733588e-01,-2.687992517582505902e-01,-2.697529053297927915e-01,-1.929177634491979765e-01
-1.824508643357432014e-01,3.174323706657755650e-02,6.662527732780185730e-01,-6.149092641906790391e-01,-3.450487768799259669e-02,4.235136528343550477e-01,7.950697362974790128e-02,-7.787712737218055459e-02,-1.619943571787294534e-01,-1.544904967352545011e-02,-1.087413793406999396e-01,-2.352130902426244896e-01,-6.514859371797349086e-02
-6.971203065338937854e-01,7.804965086505628591e-01,7.754693414557629616e-01,-4.572106629536357714e-01,-7.700620065227721245e-01,-3.212197720023546310e-02,1.263962845314817729e-01,-1.762470052657738595e-01,1.443998548690456074e-02,-5.307479343586063436e-02,3.633195587944615390e-03,-1.913946466295148863e-01,-1.063815237944839565e-01
-3.090916937000982578e-01,7.832775819752144653e-01,1.564192108307739248e+00,-2.373720385110067443e-01,-8.287044583927531960e-01,-2.282464156306460712e-01,1.324858206633529045e-01,-3.707198737850656012e-01,-3.985180264348013313e-01,8.514036365209343149e-02,2.244652970730944830e-01,3.317619253077608299e-03,-1.338837462637067488e-01
1.146516869232377722e+00,9.512210132385108263e-01,2.138328005759019934e+00,9.872804513106727686e-01,-5.328138914508835366e-01,-1.422104932811329991e-01,3.205955285966338719e-01,1.520568196813040784e-01,-1.148229057365610650e-01,7.211132571467077090e-02,1.365927269575127889e-01,-1.461812624250624637e-02,-2.785063790127535466e-01
2.732420779448856862e+00,1.409540001973490941e+00,1.533183303049600710e+00,8.282021798113059496e-01,-2.249211098857351043e-01,-4.414607363161255904e-01,-3.351723663886460036e-01,1.295684370832497212e-01,-2.085025747177094990e-01,1.370646069465887851e-01,-3.202741810853571014e-02,-7.768304001861137120e-02,2.811277923978000581e-01
3.616779878465794518e+00,1.658387656569522139e+00,1.507797683142510614e+00,6.078329247212863606e-01,-4.587799134583550043e-01,-3.417950399496416658e-01,-5.364825321381310186e-01,-1.748753483994324176e-01,-3.699616159643970281e-02,1.283326507430629926e-01,1.316496511014190185e-01,-4.273734685522412313e-02,6.030583171553927091e-02
4.525177170489854461e+00,2.277786132072206815e+00,8.927059202955529571e-01,-1.345158116844658025e-01,-8.663240980531581314e-01,3.648746378231220167e-01,-4.238196188751452986e-02,-1.254684154639579274e-01,-6.867434305334462197e-01,-1.232935830399476407e-01,1.125377869914923057e-01,-1.678427993265718676e-01,3.157798558062623329e-01
4.907879334159392037e+00,2.493705830496192100e+00,7.985810732122589073e-01,-4.849266536079304135e-01,-1.118832170936203019e+00,3.196149068839280183e-01,1.169737724073912633e-01,1.794296559541697089e-01,-6.040079272208147554e-01,-3.434087064661139888e-01,-3.540155262396822433e-01,-2.086054586807531974e-01,2.378202291961910575e-01
5.148030425114153097e+00,2.794119034679186875e+00,1.270444368009524982e+00,-5.953657211800504889e-01,-1.405545214363217887e+00,-2.396471375819964056e-01,3.613112976503070062e-01,2.085059549132578516e-01,-1.781464422055617502e-01,-4.388109650693698405e-01,-1.741472239896357799e-01,-6.828421136892217636e-01,-2.076897234762711264e-01
5.370585666522738499e+00,2.706269594002796097e+00,9.327519664211518791e-01,-6.177461556586720803e-01,-1.123457239087440218e+00,-6.773240892487006892e-01,9.453423108034075817e-02,4.821831028119440976e-01,-2.528261807888162460e-01,-1.809303993907194208e-01,-1.441159837600535232e-01,-5.271051825287256243e-01,-4.478541919378596914e-01
6.067259014316087828e+00,2.927654533324748787e+00,8.680563979068882663e-01,-9.652664796833403393e-01,-1.117820792749885772e+00,-1.740075390605331229e-01,2.960855750341595538e-02,3.034795890264195828e-01,-1.610675855198342443e-01,-1.543291886377738953e-01,-2.854661435980719864e-01,-3.935862913975034516e-01,-1.645832096098166497e-01
6.150989301176570834e+00,2.688833700996160481e+00,7.085245252688541218e-01,-1.040772876126374369e+00,-1.543479415852577974e+00,7.019509520098821120e-02,3.631299761242219315e-01,4.380714742777127579e-01,-3.992858885441576966e-01,-1.694194985372950435e-01,-2.330036800346156900e-01,-2.884917142165842607e-01,-4.510615142800700195e-02
6.112577885663045052e+00,2.164279568857240488e+00,9.244063385496392726e-02,-1.093346171382045817e+00,-1.124858980761167304e+00,6.587218390452516115e-01,-3.644835437231819242e-02,-5.365370451687274667e-01,-3.146584728879864290e-01,1.303725295431867881e-01,-3.049414694687059280e-01,4.223688418562472346e-01,3.625778003293205209e-01
6.144222815476771515e+00,1.102403045388968827e+00,2.909307255937148007e-01,-5.137084690848585655e-01,-7.821527944309893954e-01,1.990015001660796479e-01,-5.723734416402501690e-01,-1.125260081600995443e+00,2.390622663148533888e-02,5.780495221329544631e-01,-9.853634409481060175e-03,1.186269565928070868e-01,-2.087702359970400323e-02
5.797636732712001084e+00,5.680867066384194253e-01,-1.537295463609966717e-01,1.402571586245886515e-01,-3.902447285745029859e-01,-2.467724445971530844e-01,-4.218300518767581497e-01,-1.214935213765079958e+00,2.786503002163200904e-01,1.293217668291257949e+00,9.961714078757133439e-02,-1.833275552813413700e-01,1.799651658088785577e-02
5.239894168951856557e+00,6.849849733798292206e-01,3.117810764565565051e-01,8.461407850161011268e-01,-2.836075087933809247e-01,-7.159080595556701621e-01,-5.917598107697183973e-01,-9.504457408617694725e-01,4.806463402781145922e-01,6.445936195725803231e-01,-9.081844560074925354e-02,-2.917298533006358330e-01,2.863306047813426458e-01
4.933269703967628317e+00,8.920362070340259741e-01,7.820564476826394884e-01,1.215273604244346828e+00,-3.831329986555505052e-01,-1.165353949838018766e+00,-1.156787552689086951e-01,-1.233439645029764442e+00,1.483992299034752049e-01,5.382848105148752005e-01,1.360844236200464685e-01,-1.903639745005785144e-01,-1.293061449379939720e-02
4.765131313238946120e+00,9.022228084690335770e-01,1.201667745455315517e+00,1.570333012943417206e+00,-6.743879484211376951e-01,-9.809624417628706183e-01,3.908703724765016929e-02,-9.741190874108778264e-01,-4.018814940655788259e-01,1.466354763759964985e-01,2.862463112250852593e-01,-2.768168694026922338e-01,-3.065576862651064882e-02
4.676306252270835628e+00,1.081281322577030135e+00,1.528698136601303936e+00,1.610434663256580912e+00,-8.589837845752235079e-01,-5.848503715126747160e-01,1.549035659451905023e-01,-8.453691380866084071e-01,-9.026504959020430485e-01,5.189737700679497578e-02,6.787367747883290559e-01,-5.395420635377345953e-03,-1.707162155729975428e-01
4.685566306969480621e+00,1.213636624509962125e+00,1.513551756005221627e+00,1.040530139982243973e+00,-6.724476352830284220e-01,-4.127328143384900727e-01,2.595600540225904140e-01,-5.237617254671146361e-01,-3.972924058735013420e-01,1.611665426720863548e-01,3.737916812543902179e-01,-4.933562668551170205e-01,-1.377594076489286889e-01
3.499605282136118767e+00,1.151327478412224270e+00,1.924531546394440573e+00,9.165959849097600198e-01,-7.723559008469829124e-01,5.645597127253143555e-02,3.321890814266443837e-01,-4.634593092661503100e-01,-5.499066076314277351e-01,2.669296431356972255e-01,-6.810859580464456720e-03,-4.792385885726341277e-01,-1.221286602910743868e-01
1.578861426477001562e+00,7.522858796255631475e-01,2.536489548583832576e+00,7.298207122944617709e-01,-4.162262269778138624e-02,-8.079778143713434169e-02,9.084724840026914272e-02,-1.883853039229110848e-03,-2.599606497623846435e-01,7.372541898191981025e-02,-4.102603960170669861e-02,-1.006889108806328093e-01,-2.988464196481758206e-01
2.069546059723608167e-01,2.655993191055481262e-01,1.560245568320016263e+00,5.106302442708243738e-02,-1.614160735455489881e-01,3.427333901383600168e-01,3.557278782130937067e-01,-4.027987326436475168e-01,-3.766668277400034848e-01,3.503829951777037710e-02,-3.534732735404744197e-02,-4.572777942732431100e-02,3.958108306373120389e-02
-7.352063543555862335e-01,2.171521481926230734e-01,1.575970249350095775e+00,-2.750244718670216137e-01,-9.311558381814464269e-01,2.973334804151184230e-03,1.977667169361967403e-01,-4.925762929833996662e-01,9.750286356090742679e-02,1.948371906075764270e-01,5.561950614424504558e-02,4.681125759206794523e-02,-2.116723258165778554e-01
-1.129876117332063279e+00,6.137445929626705876e-01,2.110531674190394558e+00,-8.457342439922888033e-02,-7.992151249997623275e-01,1.397957785973465983e-01,5.334648630843352723e-02,-3.719250680662896102e-01,9.336994519948593751e-02,2.237958719636082283e-01,-4.402699562121148436e-02,-9.076580175651760563e-02,-1.839169837953656406e-01
-1.686808354509895080e+00,1.233520685473470380e-01,1.507366472211215447e+00,1.339810522948738924e-01,-3.653710789170681039e-01,2.512989907674381129e-01,6.540521726010783965e-02,-5.282144583645893565e-01,-3.120983131264065680e-02,-3.825689021922878963e-02,-2.752678501597327632e-03,-3.117681580754194659e-01,1.288035097847591293e-01
-1.717400748378898445e+00,2.157009674087262407e-01,1.819901537589149187e+00,9.569592302084850566e-02,-9.406656938455801864e-01,-1.918178132216050713e-01,1.217536011942580432e-01,-2.786131066197398143e-01,-6.554660977326520754e-02,-8.681510444869183774e-02,1.709746251691921515e-01,-1.206862910854524240e-01,6.372589872932299393e-02
-1.421898006959291916e+00,9.935560889210215407e-03,1.272113982602240512e+00,-4.725326821108050135e-01,-1.154873277672785470e+00,-6.258591819872143525e-01,1.597277841942051912e-01,-2.784657882703437948e-01,-1.821460390162829568e-01,-2.391363191018656131e-01,4.053613613544004846e-02,8.465359096395441707e-02,-1.617999876984418939e-01
-8.741941009621876368e-01,-1.961797126434650096e-01,1.421814961600038174e+00,1.183173897512879158e-02,-1.227065530950546712e+00,-7.663428993330247962e-01,1.586439768110216031e-01,-1.880500391943080163e-01,-1.278764157539096225e-01,-6.582144574750165011e-02,-2.720769655639180828e-01,-3.392801423503104541e-01,6.341063968829480091e-02
1.727659471841481054e+00,9.204118353668429009e-01,2.433967879012130187e+00,7.939259039988706412e-01,-6.464661624997469769e-01,-1.168825760755689558e-01,4.682578032356327080e-01,-1.789930062120986820e-01,-1.940059854383713311e-02,8.500972677050322446e-02,-3.698210009992103364e-01,3.530102443279814484e-02,3.094202080182464343e-01
3.201653596802813695e+00,1.246665559716459093e+00,1.828021324991015328e+00,4.998438216650336052e-01,-8.226461393493136320e-01,-3.333197188378427267e-01,2.647749827209651130e-01,-3.333432789257324558e-01,-3.108449289336496779e-01,1.082863610606165095e-01,-8.652112301735548350e-02,-8.878918675641289671e-02,-3.480105581573078588e-03
3.733437521170630546e+00,7.912659076859629437e-01,1.607843565679876185e+00,1.171745442496418210e+00,-7.947697240746722791e-01,-7.587082690105144689e-01,-8.045108958767510643e-02,-1.850143042358479706e-01,-4.986330277047454906e-01,1.289759071571084936e-01,3.904927298042666362e-01,3.175026529437530165e-02,2.091011035670931051e-01
3.699170212682933556e+00,8.622719453656473299e-01,1.361113582016260537e+00,1.057777711729820602e+00,-5.067198337291238808e-01,-6.042907693307633110e-01,-2.479361560515194185e-01,-5.813718211796089497e-01,-2.962822200735147904e-01,4.458253386836896759e-02,3.334602847843215478e-02,1.317259359938460772e-02,9.093215535720966525e-02
4.092415989775934015e+00,9.708881384445091633e-01,1.337452402653076744e+00,9.179294293597362042e-01,-1.986776892939494665e-01,-6.467550157098855834e-02,-1.953806548652883279e-01,-5.710071967014502814e-01,-8.239898575715409734e-02,1.584413979068838296e-02,-1.332003616346214558e-01,1.208906295177469836e-01,2.596893490959681916e-01
4.461616934932702172e+00,1.908861349107360272e+00,1.795334071590164671e+00,6.486999123468275563e-01,-3.724483985905000516e-01,-1.804963376091528460e-01,-3.924252325867720881e-01,-6.134679269654774725e-01,-1.320706722305220460e-02,8.963555175226717298e-02,2.636592588989898900e-01,-3.618510983827150085e-04,-1.064621411763612135e-01
4.653144782358264564e+00,1.982912757310519414e+00,1.798391648564166667e+00,2.009879313382940680e-01,-4.943675723513205611e-01,2.607826961134951382e-02,-2.531795930357667590e-01,-3.961359940725430739e-01,-1.243166011888279243e-01,3.952023479106742121e-02,1.614944916950256104e-01,-1.040443974790916659e-01,1.438079009197277269e-01
5.396590141158934983e+00,1.946255758153866644e+00,1.074905850198700774e+00,-1.415622127670435049e-01,-8.489785464549459704e-01,1.011119156266482300e-01,3.327723567525442405e-01,-4.169158337994809393e-01,-1.126379118212385011e-01,1.232692178997873977e-01,-2.765003664748868495e-01,-3.949322124944902868e-01,-3.191859711389288812e-02
5.382724402570910449e+00,2.147956661304347925e+00,1.631258772196956697e+00,-2.469679706791230167e-01,-9.280185027174305823e-01,-1.509370677482337886e-01,1.583797867310436924e-01,-6.142157587980535682e-01,-1.280720537336139664e-01,3.445770448834019062e-01,-3.556400703691242615e-02,-3.293525309766698328e-01,-1.684633091628611190e-01
5.849029276491304330e+00,1.936774834326326467e+00,1.112875341603695611e+00,-2.425993142366196231e-01,-7.138529560045498989e-01,-1.520920499200641984e-01,2.047987712465282328e-03,-5.186326943200332273e-01,-1.275092458983115851e-01,1.791364057264478449e-01,1.189299678640372004e-01,-1.588086717315376761e-01,-8.310678608407762180e-02
5.738826752277895515e+00,1.786765297299021782e+00,1.030973284349911978e+00,1.931362015646462815e-01,-5.658338377953269216e-01,3.217428128865429393e-02,9.681778338537228024e-03,-6.044744892748526999e-01,-2.020990698836920840e-01,2.063621268790661323e-01,-1.443508103180179969e-02,-2.869388837657609326e-01,2.542389344546435170e-01
6.231930187688231371e+00,1.648191775115589230e+00,6.063625244899588651e-01,1.869031699213512532e-01,-3.457972729796083833e-01,1.185109742990264614e-01,-1.659763837163508171e-01,-6.486897488925907895e-01,6.848563385623762656e-02,4.439565595998962166e-02,-4.058689305898632860e-02,-7.553281950888246499e-02,6.212757141276625816e-02
6.312918361362468644e+00,1.979821421896371447e+00,8.669652821887572358e-01,-1.755464647662563493e-02,-3.862216741993291791e-01,-1.218448390934003811e-01,1.373170386970778978e-02,-3.504923281999889895e-01,4.366417603009609127e-02,6.260862300830710714e-02,-2.512313957645515572e-01,-3.600942509331708230e-01,1.527218667548867481e-01
6.196802518426113515e+00,2.881457587360174433e+00,1.312365864619148503e+00,3.208698945562957761e-01,-6.008888204598492599e-01,-4.808553314839474346e-01,-5.029458146427181475e-01,-5.109479049491221225e-01,7.769527641788287475e-03,5.935914246635403124e-01,2.260887237775305314e-01,-2.064286058491624498e-01,-3.943632677671179421e-01
6.491684628978695137e+00,3.089442847777450041e+00,6.682984892472623173e-01,-1.005936443243222733e-01,-9.465175906542713236e-01,-1.477616614187060584e-01,2.635578380302361357e-01,-4.002624447414433462e-01,-9.952691624863807540e-02,1.212454764462460033e-01,-2.727118790728388920e-01,-2.497737716952441733e-01,-2.490803650409796344e-01
6.324991196951478045e+00,3.243146823360102182e+00,2.682816215234473667e-01,-5.052440044093653437e-01,-5.744714998645572557e-01,2.726524473013338667e-01,3.286535914095167765e-01,-5.761344534474778234e-01,-5.471333201152064341e-01,-3.548954385492790742e-01,-6.501795565631535156e-01,6.896236706892167057e-02,4.103102529548245947e-01
6.403938270554812462e+00,2.504642046076064332e+00,-2.144698770455928383e-01,-4.250123113017378884e-02,-4.454564648487422396e-01,1.947905951739274943e-01,2.770652862905365055e-02,-9.858308255632393102e-01,-6.908472161675512924e-01,4.849533940060546389e-02,-1.058145640957310896e-01,3.980119364407648241e-01,2.996341242150781792e-01
6.048482374400961703e+00,1.358933683856180075e+00,1.131508704956529776e-01,7.715628861584384879e-01,-4.659613193808547216e-01,-4.421036264927002968e-01,-2.156786612382679547e-01,-1.146392571810221472e+00,-1.279887600234911327e-01,5.649315581139509046e-01,-1.367736077556042096e-01,-1.264882894678422964e-01,7.588747303485565698e-02
5.980914498200547769e+00,9.237233349469713417e-01,3.189555979381530904e-02,1.071728760982152640e+00,-5.984165496440638776e-01,-3.497242671522318158e-01,-6.448767160816986088e-01,-4.796921930761461894e-01,9.165421729403311346e-02,1.768354742410389036e-01,-1.615925892066041314e-01,2.227367216432993846e-01,-1.504568106971992947e-01
5.863908750992488095e+00,5.431920783600814318e-01,6.826417749330202511e-01,1.073095755096913351e+00,-1.136214953236155623e+00,-6.441931028945269144e-01,-5.291052153741837571e-01,2.460252026821262428e-01,-1.230065303264182841e-01,4.449592579325312158e-02,-9.649057534025973215e-02,2.317052059363201577e-01,-6.192398645123187162e-02
5.837005315826187868e+00,3.795178436684532031e-01,1.324596928412240526e+00,5.385347348771301057e-01,-1.087323900384352893e+00,-6.458524211262690606e-01,-5.986569968263526498e-01,5.549730194418701634e-01,-1.676886752217857657e-01,-2.916944515127481985e-01,-4.733826461559309529e-02,2.548939650988859551e-01,1.621513314135358819e-01
5.205402676949031360e+00,6.052435475264195119e-01,1.629878678151552407e+00,3.931808851192926113e-01,-7.454688254131798253e-01,-7.372946309591976721e-01,-6.005198498732666756e-01,2.803668926586264654e-01,-1.178808316285683278e-01,-1.776984388684225424e-01,-9.836362569767875819e-02,-1.288850329866004785e-01,4.687909698494032718e-01
4.929754806678081636e+00,1.439612196788230492e+00,1.137581320739097457e+00,5.939660917481290880e-01,-2.925467206850909108e-01,-6.451738394743540272e-01,-5.001486181194387814e-01,-2.867352157903073628e-01,1.726524459330958106e-01,-2.630851622999755279e-01,-8.505825521254428701e-02,-2.000522898280858719e-01,4.975749696040604464e-01
4.923682163412463453e+00,1.724211664395673971e+00,1.408148232951158985e+00,7.273598176215041455e-01,3.500964120808320867e-01,-4.490273724062749938e-01,-6.347370651985859702e-01,6.719826757679880913e-02,5.449706690697613265e-01,1.381130370580617162e-01,1.979802998907452816e-01,1.673018798883616487e-01,2.252496017014292695e-01
5.387518765649944363e+00,1.457527760254381910e+00,1.405603523561979262e+00,7.805822167868439188e-01,3.917463394510445340e-02,-2.209325125742762630e-01,-5.466182462827333666e-01,1.402702779016077317e-01,4.872402292177571148e-01,3.875724087368407900e-01,-2.179767762817774734e-02,-6.102254051776534460e-02,2.916285517967818208e-01
5.318783695246886545e+00,1.902745451723390602e+00,1.330468924302504519e+00,9.723956179168022906e-01,1.879219629157371507e-01,-1.481443452119270976e-01,2.538155991152724056e-02,-1.249595551813873495e-01,1.335023419126986077e-01,2.353325678824506606e-01,1.483667517781208645e-01,-1.068461427041134115e-02,-7.750643252638655945e-02
2.920129598655508030e+00,1.605667378247515042e+00,8.717585509541470046e-01,8.523662523853166029e-01,-4.707188193080780181e-02,-2.997530168704820586e-01,4.861550680969302096e-01,-1.102937326779194205e-01,2.164936079451920126e-01,-1.306759890656748468e-01,-9.255934686119404731e-02,2.485117619715815351e-03,1.124745736689808373e-01
4.413212829332781695e+00,1.695568354039823422e+00,9.010804719326035439e-01,6.815863415237695122e-01,-4.111746959592581518e-01,-6.868532266281719423e-01,-1.500054419435821185e-01,-3.223133225386292100e-01,2.749715407652303378e-01,-2.563041058002403783e-01,-2.877352758930175058e-01,-2.964943114083002929e-01,6.156833269632530081e-01
4.772405928530417896e+00,2.166912589096243735e+00,4.414635118138305891e-01,4.393628449441104866e-01,-8.226748724192054496e-01,-2.490622022817099435e-01,-6.473458727972217774e-01,-2.721452614211186116e-01,1.155152956038838497e-01,-3.840637402131839573e-01,2.504154165566963020e-02,-1.450707695316629797e-01,3.652117019700386047e-01
5.314914630835879450e+00,2.277755654728779167e+00,2.903236214834659101e-01,-1.156903410516356701e-01,-8.277026785065673131e-01,-5.460273708067697740e-02,-1.331058891924297161e-01,-7.401085479270655965e-01,1.882560742272879617e-01,-6.787221639566126674e-01,3.788283334429642935e-02,1.578479034018576144e-01,3.097540799248702514e-01
5.983201617605445222e+00,3.351090479514165388e+00,4.319842563668641056e-01,-2.464636430412170398e-01,-1.022152605643247725e+00,-1.155128947853909516e-01,1.517415119900329401e-01,-1.174396376558336508e-01,-1.663260332022487020e-02,-5.745194359922861649e-01,-2.326591385728997707e-01,-2.899659662832165807e-01,3.812859048084422664e-01
6.254068072470571948e+00,3.201674621061970427e+00,4.831358344781548908e-01,-8.324992889758586756e-02,-8.520996496062469561e-01,-1.719245167840393052e-01,8.097779600873855621e-02,-3.285581017521148617e-01,-4.704476593839324039e-03,-1.077961807543070805e-01,-6.501032109232252054e-03,-4.125752802216863246e-01,-1.509725837799722470e-01
6.450415952009437959e+00,1.725506713646331569e+00,6.942212690583327017e-02,5.704377751199980473e-01,-1.238117340947573197e-01,-9.794152320742766094e-03,-6.103712661059379485e-02,-9.578599972126311535e-02,3.339657655886840715e-03,-1.810819790745183400e-01,-6.558566138222532427e-02,-2.130764557212936339e-01,-1.928886133639218237e-02
6.470693557531903117e+00,9.964867250619855454e-01,4.184789113468112554e-01,3.698002437489185112e-01,4.773694148475593479e-02,-1.398165778713906793e-01,2.000685921492717512e-03,-1.028810820989235486e-01,-1.102733711718673071e-02,3.161442101494604806e-03,9.831129352285694623e-04,-1.659574886551767881e-01,1.206776478988574874e-01
6.555617953543135812e+00,8.339017720631805020e-01,3.994716552578525537e-01,4.072366671989544606e-01,-2.516229974677886005e-01,5.376390625494242848e-02,4.053101236529199625e-02,-3.010965328693621101e-01,-2.417482367197765214e-02,1.088900344788101826e-01,-1.040627895128448666e-01,-6.272476420168193734e-02,-4.369183345086513626e-03
6.724544998854462996e+00,1.996855901955932211e+00,2.145608230457436427e-01,-2.835888337598078124e-01,-1.119158202801551205e-01,-7.541255471534569210e-02,-1.877354954719718805e-01,-2.813357548032204836e-01,9.961463049896235322e-02,-1.693633994401730902e-01,3.741482897570314048e-02,-1.272596927998470573e-01,1.816629823695844470e-01
6.549952924119551767e+00,2.912801999760094240e+00,2.504369862346003117e-01,-3.595691047674334229e-01,-1.083771254178424126e+00,-4.015026571475566186e-04,-2.579003378480255737e-01,-1.968931213618129172e-01,-3.513575848718912820e-01,5.441859456895212777e-01,-1.037270382503305832e-01,-3.927702694727110977e-01,2.048299334263110616e-01
6.566975898718225402e+00,2.722294108039220895e+00,4.012497761936337781e-01,-7.862319640096293583e-01,-1.348996225495123769e+00,-7.636943248116589977e-02,-4.412440962184449589e-02,1.423254207370302504e-01,-7.870106520101549652e-02,9.884841743375658019e-02,-3.669564370600529868e-01,-8.511693013074006497e-02,-1.188567951185296456e-01
6.398689989741511930e+00,2.436200287768282458e+00,1.201361839197856440e-01,-1.320126593060824138e+00,-1.504897468306038766e+00,6.135246277835180173e-01,3.173593183536842499e-01,1.316166216129632804e-01,-1.404001558989004250e-01,3.868652822795370927e-02,-5.724198721743261054e-01,9.576336677669994302e-03,2.215587698612125900e-01
6.494542157587154030e+00,1.963024988064880905e+00,3.135989107595156256e-01,-1.562093927874895094e+00,-1.268658546413965693e+00,7.928819146042354049e-01,4.274015241818305277e-01,-1.721536409505408649e-01,-1.471586532713955453e-01,-1.653317652054895892e-01,-2.225796596643763170e-01,2.396868712194153428e-01,-1.230048555596363613e-02
6.388015346382911019e+00,1.687560338057435771e+00,7.813140843497823340e-02,-1.222026370570302500e+00,-1.063104787050229927e+00,7.116428316366441020e-01,5.435283555999055327e-01,-3.060895056559451710e-01,-2.906772202755912859e-01,-2.752924296183967279e-01,2.061628110761325461e-01,1.653325910652145847e-01,-6.669165229883855517e-02
6.226176604613234744e+00,1.387641738326531815e+00,7.481755071624629494e-02,-9.464608148326236758e-01,-1.097620105100881815e+00,6.028829471333276846e-01,7.287704805969565935e-01,-3.471150460198493271e-01,-2.731695542132935861e-01,-1.133352770880671212e-01,2.994532795242110801e-02,1.254707978358277076e-01,2.023383962571605466e-01
6.050529392797868056e+00,1.190224166572414255e+00,7.164631621317241184e-01,-4.504899478359001286e-01,-6.696769528350143830e-01,4.318599498018569349e-01,4.510924317955409268e-01,-3.445388103946883662e-01,-3.814402673254322362e-01,-1.472152683225904091e-01,-3.986979693555448012e-01,-8.003662413588463753e-02,3.104539475211209876e-01
5.979208731847744929e+00,1.649375519146095481e+00,1.010438624473912972e+00,-7.356575304919381608e-01,-6.404922008136586520e-01,8.177760194286205486e-01,5.325687110888446263e-01,-9.586724949126401718e-02,-4.885784199633125269e-02,4.206435109932175620e-01,-1.524228252606376621e-01,-2.154123985565925548e-02,5.094037535984149434e-01
6.008997685744054351e+00,1.495041703173248138e+00,1.191479292398129219e+00,-8.096170511631970435e-01,-5.568922838223633320e-01,8.900602323819279960e-01,7.514589059286160833e-01,2.219552747227271361e-02,-3.573289424511488788e-01,2.824713039988013263e-01,-1.466365615916291887e-01,1.864810474275830909e-01,5.155230267182930870e-01
6.078691050856740219e+00,1.711497005866940757e+00,1.066504488620445112e+00,-8.556162137456115868e-01,-6.615201650598390160e-01,9.580543243695971434e-01,6.498297247995452608e-01,-4.000509574735682250e-01,-3.002708485271028405e-01,3.655274649228178463e-01,1.254168384078649945e-01,1.943914124756708217e-01,5.309530627169775086e-01
6.092248774735056216e+00,1.665718242423972484e+00,1.148301863051088834e+00,-8.735181510901901536e-01,-5.569691223996198204e-01,9.702503509168645124e-01,4.353971360694941506e-01,-1.859281482628957205e-01,-3.970836110526224649e-01,3.425652965145112860e-01,3.348017776484379926e-02,3.614490445703513188e-01,5.787586775307691500e-01
6.043823131009119720e+00,1.175958191019211174e+00,5.566006118256798807e-01,-4.911938743870112312e-01,1.336847758800574493e-01,5.506700851837569299e-01,2.138576143830550613e-02,-4.467240001099003210e-01,-4.319727786678138060e-01,5.178062908832072875e-01,8.214787882684293496e-02,2.427726414693234247e-01,-2.191111971308246087e-01
5.874481579138437048e+00,1.017245191847364172e+00,1.010621117326127028e-01,-8.045916299387645410e-02,-4.474446314836872940e-01,4.378979628798365109e-01,-8.267418155249148803e-01,-8.356511260309127387e-01,4.156738131592981889e-01,3.847243373530261357e-01,-1.327164400666401844e-01,-9.474930845752349562e-03,1.153807211776146646e-01
4.884032584317279380e+00,1.787450383598428338e+00,3.680912037230443801e-02,-5.855631914203884847e-02,-7.349231345239957136e-01,3.765320359518575799e-01,-5.926817487903587311e-01,-4.954853351735211131e-01,8.893154943574432814e-02,-8.204302729692614093e-02,6.895570940175010932e-02,6.626815893106630107e-02,3.632722447279254085e-01
4.943247335757448013e+00,2.350207849717173669e+00,5.539115769795843747e-01,2.689613632741987281e-01,-5.723207242848589171e-01,3.742922524288823105e-01,-5.640342323227462984e-01,-6.044154071035565678e-01,2.636468037780503870e-03,1.842582902789381416e-01,-9.366489888044893242e-02,-4.583394623149422697e-01,2.114962308093869536e-01
5.596801346411926836e+00,2.094426297214354804e+00,9.591888606911715964e-01,3.198658113058705510e-01,-3.555052386316783775e-01,7.935332118190450146e-01,-3.401682151247149566e-01,-3.561303583950097273e-01,2.529908153538260596e-01,6.041965929416315273e-01,1.057719913875198037e-01,-1.668254950520876578e-01,4.739298886593508175e-01
5.741258349930816962e+00,2.099111547078789108e+00,7.224912248433854600e-01,4.190090368005261467e-01,-6.069285582744448071e-01,4.983039026631144175e-01,7.485090699069996134e-03,-3.501848834793184206e-01,3.308134395193664812e-01,6.629633034538400249e-01,1.532889046116614473e-02,4.272969324947362146e-02,5.379333292573452718e-01
5.970739147881207742e+00,2.333557487103896655e+00,6.080756958896906816e-01,2.745167597557909289e-01,-3.011918053462121492e-01,3.640539436032703691e-01,1.689881775149062459e-01,-3.034504973442885278e-01,1.596473269939303608e-01,6.370115738155719409e-01,1.691894368877293608e-01,-1.267884100054733620e-01,1.330808288620173307e-01
4.980125409301784600e+00,1.868354058304571019e+00,1.319678854097072751e+00,1.631125131581612209e-02,-6.175649665601761207e-01,2.575048695227630802e-01,-2.532133286492772584e-01,-3.370979234521331858e-01,6.349834563850698110e-02,1.808878687758365134e-01,-1.472681322110593882e-01,2.050194205810916825e-01,-3.643851936870112773e-03
3.798794720769343769e+00,1.282908698117374513e+00,1.187503633053124119e+00,1.402473943039028725e-02,-7.348554361027415105e-02,-7.155633829394716372e-01,-2.311947605780197978e-01,2.227073380059840790e-02,3.188732737848657406e-01,1.813113060530698872e-01,-6.936181389308737621e-03,2.101194917626604264e-01,1.842099364705535036e-01
4.552371849867379971e+00,1.498368889363702827e+00,9.857439296066976553e-01,2.701783247218481065e-02,-8.825684335764345523e-01,-1.007604776407038605e+00,-5.828475661559329168e-01,-8.784733809611444677e-02,4.819979928755515619e-01,-2.252851649706311410e-01,-1.082019720519222794e-01,-2.954106764475857849e-01,7.862185451167321704e-01
5.145893637117739061e+00,1.518521238226207881e+00,9.374119934710294366e-01,-6.576211778072593717e-02,-7.274018011555427599e-01,-8.225740652997741709e-01,-6.073499423495709593e-01,-2.215536527946549983e-01,-2.803580135333116896e-02,1.906959638008312585e-01,2.076495672756847322e-01,-2.840066676277780422e-01,6.131919777055488963e-01
5.347965606171548814e+00,1.282317434311403659e+00,1.069733347997062989e+00,3.011744451252469368e-01,-3.815226552822359452e-01,-8.022018565644040144e-02,-5.806592789809563726e-01,-5.217181122682539307e-01,2.272325964377308605e-02,3.868783542126561503e-01,2.925374918768519628e-02,-2.725000561614542294e-01,4.524245627055921704e-01
5.627058530005253800e+00,1.911811171259888198e+00,1.216250775342636814e+00,2.460655324449483317e-01,-2.592720289890606544e-01,3.327048133527954477e-02,-3.256900164666207687e-01,-3.501843275513830678e-01,-2.637804580331559734e-02,3.380243565799598282e-01,7.940838336611966142e-03,1.328307581103227442e-02,6.488870578476388928e-01
5.385536554074249693e+00,2.311366696083323458e+00,1.521347394053347735e+00,5.648917252993501670e-01,7.143370275835891903e-03,-3.921296245324668028e-02,-9.665112015549115476e-02,-2.107253392946132342e-01,7.084392819121798635e-02,2.095980675950505079e-01,2.604428665656297603e-01,-1.123445013567231365e-01,3.139510265909564168e-01
5.195678136177180662e+00,2.388804242900030683e+00,1.752909149878009387e+00,5.395208415627750220e-01,-1.365649396764965218e-01,1.263832863388532068e-01,7.689856909157533060e-02,1.122970828745374350e-01,6.893602385570463120e-03,-1.084099504886850696e-01,1.482635126985334395e-01,-8.285155894518247965e-02,3.646931861287892040e-01
5.319049963010291648e+00,2.447115036255451237e+00,1.299174189150411163e+00,4.107046371061984225e-01,-4.090642142417473259e-01,1.890300416393975169e-02,-1.552788372161724162e-01,-2.729409927650003898e-01,-7.737365992495415234e-03,-2.053398191448415622e-01,-9.947040766282722046e-04,1.854244653562520107e-01,5.261601489828944267e-01
4.810849818066658123e+00,1.889894177621761706e+00,1.169584797916208618e+00,5.278535807807998026e-01,1.847062363056584111e-01,-1.146583886310494904e-01,-2.984351026270477547e-01,-2.729458451016671949e-01,2.439155952670565286e-01,3.862609153906919057e-01,5.561512918296784846e-02,-3.303291910509242868e-02,3.607322957887930670e-01
4.493100695741730100e+00,2.232708590382768588e+00,1.495458081145943030e+00,5.039455056408215228e-01,-2.107665120545827442e-01,-3.293180692045234448e-01,4.317474394009424010e-02,-8.306745995548125983e-02,2.071228980012027598e-01,-1.667648141736438050e-01,6.267050135671836664e-02,3.926905633368795723e-01,4.844536644026411487e-01
2.731853753902144799e+00,6.188260477797826731e-01,1.143479267772218089e+00,8.305221114802949778e-01,6.267293538853933033e-01,3.988619374494641878e-01,-2.321207756741336947e-01,-5.681604912804674168e-01,2.129968950236775793e-01,8.389164045376223955e-02,-1.487408169773051236e-01,4.312438973971668421e-01,-1.175234278525507658e-01
4.471004064420640134e+00,1.017244354172172294e+00,8.634774217177656475e-01,-1.671741137125106746e-01,-2.340964417621624882e-01,1.690010568329487484e-01,-7.295991928258938053e-02,-4.116986212308344495e-01,3.803431180436200876e-02,-2.233174885862778125e-01,-3.596368108634502292e-01,1.429884029069320439e-01,5.551224303861634901e-02
6.289370316675021222e+00,2.226742081956113672e+00,-9.127871804632370356e-03,-3.512087806456802852e-01,-4.858001479186997429e-01,1.368039567689316449e-01,5.278588742304868298e-02,-6.229566245815243430e-02,-2.762231934833568880e-01,-9.029786159193085027e-01,-1.809515816827967916e-01,-5.401485253353466298e-02,6.924417859140491460e-01
6.567110433419674820e+00,2.092086279667499049e+00,-5.226627965087673466e-01,1.128877565870936017e-01,-7.850787578195719263e-01,-7.059291381106458374e-02,6.850421574703036143e-02,-2.941135949199747968e-01,-4.944467365585764052e-01,-8.838354099260667951e-01,1.574779014309218850e-01,2.628336848977377294e-01,5.666777946132692811e-01
6.737511784426444272e+00,1.972817613361646849e+00,-5.505560596645966420e-01,-3.876512113478578492e-01,-8.700729560142890229e-01,-3.060216263342896426e-02,-4.268981733953070012e-02,-3.517766159351408684e-01,-8.220216468253055409e-01,-5.613737762964572386e-01,3.644739267439178754e-01,5.640723057788574746e-01,2.050840278715506670e-01
6.259889618449104631e+00,1.916944617693644659e+00,-6.497305470417154005e-01,1.942349105968008693e-01,-1.420440055089360776e+00,9.779321377874983234e-02,3.287542672507022257e-01,-7.642742280474963401e-01,-7.208853858878925269e-01,-9.200692393841558570e-02,2.348273392784161473e-01,5.354495869532096552e-01,8.691041391960918627e-02
6.111425326522300416e+00,2.162267313480962461e+00,-5.393829752637380182e-01,-1.247784356523449212e-01,-1.535321140878301627e+00,2.589117383063512801e-01,2.705362851146123626e-01,-5.252589590444725065e-01,-1.059054466624842927e+00,-1.074627299674790204e-01,4.401304607580855954e-01,6.550075647423284630e-01,1.027532311089184303e-01
6.154187933418965528e+00,1.596039776170441904e+00,-5.440328759775510115e-01,6.031187537912874319e-03,-1.571477894316396950e+00,5.170618578091308315e-01,1.998597351239134179e-01,-9.177497816010287135e-01,-8.690423174713887144e-01,3.102507613790148611e-01,4.828447688362501600e-01,4.133218465670044361e-01,2.700818883978286511e-01
6.170721929888932422e+00,1.212587107021444233e+00,-6.652884349548360277e-01,5.806365678250546836e-02,-1.390416054230974030e+00,3.034970991329259959e-01,5.851861026782412267e-02,-8.929445542941325531e-01,-8.236438238181171823e-01,6.678002283947779283e-01,5.901689426312789477e-01,3.518198551050597533e-01,4.816812872113251931e-02
5.582310604210672267e+00,1.240257476298114003e+00,-3.894673928596406043e-01,1.132578434572311110e-01,-1.508208054217076377e+00,1.443124216947411220e-01,-1.117729381400058841e-01,-8.094423387010560855e-01,-2.538439198508010142e-01,7.237939722385051677e-01,3.035309931829474062e-01,-7.090889253645304979e-02,4.155750759787246729e-03
5.170336736868533123e+00,7.770968206216770646e-01,8.580537128109222422e-02,-1.504836089339440797e-01,-1.224750976971467953e+00,-1.335614811728698115e-01,-2.518660751304316880e-01,-1.935923452679471080e-01,1.946342419644843114e-01,7.612505183036245571e-01,-1.653169893412983482e-01,-2.200204736634778779e-01,1.140245573842773030e-01
4.454196960392679649e+00,1.118473176495885735e+00,-1.716476752123181626e-01,-2.160627539432729005e-01,-4.276911931319595794e-01,-5.930029381088155471e-01,-1.849174351503453106e-01,-5.056484184936007598e-01,7.814332390806627560e-01,3.069875078010982916e-01,-2.481338768499159464e-01,8.388418959549004406e-02,1.618395719410399280e-01
4.093740589761461379e+00,1.575268321880399114e+00,-3.067753249527029880e-01,-9.990804497344241142e-02,-4.160979396566912847e-01,-4.981832139249717795e-01,-1.748887345030323281e-01,-4.328459534711823764e-01,3.720318918480365333e-01,1.784062661615174461e-01,5.798846343672448000e-03,-9.365534242703621448e-02,1.660341665146568557e-01
4.401112039283567867e+00,1.377196368428334594e+00,3.093676320342995112e-01,-8.018899025250991741e-03,-5.718890425905509556e-01,2.988139694732963036e-01,-6.240569771114135023e-02,-6.543253085663371937e-01,3.661272528517884872e-01,1.568959782308461115e-01,2.701612290476235190e-01,2.957400592801397998e-01,1.418799118745285304e-01
4.035875165348103977e+00,1.417268613644745656e+00,8.964182778333817936e-02,-2.394924603141066477e-01,-4.603127252965921734e-01,-1.579375557053344092e-01,-1.999883529837658269e-01,-7.345632243427741015e-01,1.330495926199051215e-01,1.215527679683582329e-01,1.559527594110778903e-01,4.657726390615557488e-02,1.109074569050033654e-01
3.663150921182125597e+00,1.448603301425034129e+00,5.145554890667076720e-01,-2.750043798840864362e-01,-2.859358681977046679e-01,-4.312378586849501261e-01,4.296999796397926730e-02,-8.717436045370408060e-01,-4.154904953080186258e-01,2.709934249845157295e-01,6.833455577431583050e-01,2.789883294502787381e-01,1.373104414681197705e-01
3.947991917319860544e+00,1.207667648994705800e+00,4.275001486658891459e-01,-1.704141354653048168e-01,-2.905180562860074645e-01,-1.742854433065619268e-01,-4.476564965042895139e-02,-9.899199653084755912e-01,-2.442323723204548047e-01,1.238259012318236874e-01,8.004650217819927471e-01,2.173612783806743165e-01,-7.474024794294298335e-02
4.456354181033178818e+00,1.272988844165174882e+00,-4.386141554708178347e-03,-4.235592002768928666e-02,-2.549409130095754428e-01,-1.762335608144840471e-01,-2.016733609347534095e-01,-3.422805039390924842e-01,-6.987488124240170961e-02,1.083112947210912447e-01,2.718463452044321826e-01,1.367507270130707830e-01,2.301416794922788167e-01
1.202345998819912998e+00,5.471252100395380680e-01,7.358109426244352491e-01,5.503659810064620572e-02,7.318928527064683109e-02,-4.169333550644125364e-01,-1.753060906343242298e-01,-1.456619425075686980e-01,3.875138235745643200e-01,1.085226877465130801e-01,1.215492542861493774e-01,1.325826991630969509e-01,-5.771981124958021070e-01
2.936450127150009415e+00,1.527452003258978230e+00,1.396695317796880609e+00,3.919158064944285869e-01,-1.165572407156278967e-01,-3.611461611467925437e-01,4.746898910002617100e-02,-2.613263622941384146e-01,7.221726156685803755e-02,-1.756169791075034015e-01,4.109180363141007319e-04,3.408288648961073086e-01,2.020962777910554342e-01
4.154463967502185717e+00,1.581516540797522019e+00,1.776688826525913090e+00,6.187429014181837772e-01,-8.828464103678972386e-01,-1.066107845964582301e+00,-5.559100164397312582e-02,-1.453517554893304364e-01,-2.674995899139726019e-01,-1.026011626398218302e-01,-2.614474799653465631e-02,3.541037615596985821e-01,1.826955756829522493e-01
4.257225477283729020e+00,1.482406823575217913e+00,1.527302453444660646e+00,9.580115258493315800e-01,-8.822920338402615581e-01,-7.984716487176404254e-01,1.246485879739074321e-01,-4.766956826659360935e-01,-3.084368812029220086e-01,-2.125102024543665258e-02,-1.200866236057862579e-02,1.166999610865420145e-01,9.688914078647292705e-02
3.830086497413740965e+00,1.925953823327640979e+00,1.868020505463430014e+00,6.347803276775616510e-01,-1.016426541528560268e+00,-2.828686191967546559e-01,1.920229272956841537e-01,-3.266987149700488757e-01,-6.287971430909218284e-01,2.341973957691662056e-02,3.087139034759335265e-01,-5.278894048507887238e-01,-1.141297894456526629e-01
3.278020812826393016e+00,1.643836430517776392e+00,1.860432779225133615e+00,1.262562133031006617e-01,-3.507845267729745586e-01,-1.281836117374608452e-01,9.098390240149245578e-01,-6.899400514082754121e-02,-6.154213398669603485e-01,3.931878144708029210e-01,-1.498958038118880509e-01,-1.210134675021919959e-01,-8.201344896009987728e-02
3.203336947971243465e+00,1.576221043511080389e+00,1.506593406010899416e+00,4.968686626733234135e-01,-4.101532752884384792e-03,-1.926477584433257118e-01,3.405975449583806824e-01,-3.171939650373629682e-01,-6.626228574500939716e-01,1.125578157855877670e-01,-2.750424178561817756e-01,-2.362077521769240240e-01,6.082608236075826014e-02
3.274629936045308387e+00,1.031431770244254587e+00,1.153037883741520941e+00,1.420946685574455692e-01,-3.235187222065776247e-01,-3.666994563473591207e-01,2.574492395693332991e-01,-1.384377161732626149e-01,-2.625743477512049173e-01,1.707297699245058364e-01,1.189246283502261026e-01,5.170741423872750042e-01,5.067635767152907089e-01
3.443136929923837464e+00,1.328868075004308480e+00,8.666849354988519494e-01,4.500488460683143010e-01,-5.317022835234341827e-01,-4.775816646637880414e-01,9.579082232831326316e-02,-2.258944404312129839e-01,-4.149315194452742883e-01,1.089466758040140704e-01,1.411208912010342154e-01,1.707763049159605195e-02,3.578730128639864283e-01
1.560112804322300928e+00,9.514361294113249379e-01,2.499116064453564157e+00,-8.836346519955098344e-01,1.336990537671782775e-01,3.147038041695500166e-01,2.320872525619073201e-01,-3.429998119592597705e-01,-5.911689113832414577e-01,6.313255209687146374e-01,-2.267846105798440037e-01,5.462736156042191649e-02,-1.654433502658172461e-01
1.631349851321852285e+00,1.707308058206660206e-01,1.651974231653151604e+00,-1.133494702743788274e+00,-3.238816648721876135e-01,-2.494068467965229186e-01,3.961766785247400335e-02,-1.607555147323703748e-01,-1.375736584524891448e-01,4.655322871431416543e-01,-2.721110817033196572e-01,1.926829378996302022e-01,-3.928454469577902231e-03
1.326104204760373939e+00,4.247675793421397117e-01,1.137787044341464382e+00,-1.379431458386225717e+00,-1.074535245574637976e+00,-4.257244206921612095e-01,1.477131638739227482e-01,-3.678269204092499134e-01,-9.342596644286860208e-02,-1.275937093202561545e-02,-1.936805759864606014e-01,3.047021342543165812e-02,-1.648497892876765736e-02
8.961165485639854822e-02,-1.936362540941667376e-01,1.333546610110817099e+00,-1.029987342246402093e+00,-6.346578840551693190e-01,2.246759510711437979e-01,6.358915613734391625e-01,-1.561802033049058958e-01,-2.591567589048704434e-01,-1.707064018281323481e-01,-5.947935489163912459e-01,-1.585487828954544876e-01,-1.973329147469212730e-01
8.496107173293041548e-01,2.102133131673542543e-01,1.054018071076221252e+00,-8.756200650954288900e-01,-1.194627164486827153e+00,-6.737632208004127321e-01,1.126100472831198518e-01,-4.526531094250196841e-02,-1.573352464743853485e-01,2.561706957353502290e-01,1.913167387043588352e-01,7.935850487924733798e-02,1.310596987562402393e-01
1.657621550005247357e+00,3.770876940112826148e-01,1.663369049085006157e+00,-9.749683060246439048e-02,-6.166150208588314641e-01,7.932205389037738641e-02,4.954727172905062371e-01,-6.405620400924405544e-04,-1.711185780810947632e-01,3.593138881033391963e-01,1.427124802441450679e-01,-1.122393411691702259e-02,3.389991471172305593e-01
3.589840945666301852e+00,7.882552285083184174e-01,1.519233245966242984e+00,4.981374770154267662e-01,-1.067131929374515176e+00,-2.969568463708009975e-01,1.028558271181412298e-01,7.961946617045079222e-03,-1.663431455002836179e-01,-1.567851216133965275e-01,3.922967455034864770e-01,1.241511981454488378e-01,-2.134616481606104177e-01
3.558242153016460740e+00,9.824676375504131087e-01,1.205937431151793193e+00,3.802903300652946683e-01,-1.294676952644545409e+00,-4.777264658915427731e-01,1.444844534656133384e-01,-1.145684006344780403e-01,-8.876676575788167156e-02,1.089479347891447736e-02,5.654820189077702786e-02,5.128557405743404685e-01,-2.678663089962343147e-01
4.406266682607529184e+00,9.166960775373786952e-01,1.358186865640317986e+00,3.374927507814393657e-01,-1.326119398052634235e+00,-5.857615776722833179e-01,-7.001747759165155571e-02,-2.371265670906013145e-01,4.806348856450248785e-01,4.594306509236851799e-01,6.350974211027815564e-02,1.843313312350906008e-01,6.431511934982370171e-03
3.985649243280585008e+00,1.184851451033444913e+00,1.199195975383963164e+00,-6.025242845041134387e-02,-1.685315997335548932e+00,-3.608704374260380821e-01,6.804060333891426282e-02,-5.107872881532732334e-01,2.712708346147054694e-01,4.246892481006665498e-01,2.407257061728981240e-01,6.446255662669568842e-01,-1.803347927547922502e-01
3.941565292452423819e+00,4.689301495537741005e-01,7.039713150431183841e-01,3.868222779700141167e-01,-1.341594344238242531e+00,-9.300584280559078820e-01,5.898624465483368606e-01,-1.963356160053217891e-01,3.125323524738866654e-01,2.400737767334192307e-01,1.768615929290270339e-01,8.852185492367417030e-01,1.588741541061616802e-01
3.677604231628443632e+00,9.076458651805672240e-01,9.428471978608936599e-01,6.342047899036313829e-01,-1.474885975616526901e+00,-1.101485159697662253e+00,5.856337396521054117e-01,2.737915726309613218e-01,5.475743535993543576e-01,2.117442774331121380e-01,-2.029180544521457241e-01,4.328315705434748750e-01,-3.546986987130851254e-02
3.453175068592317487e+00,8.198538400065848997e-01,9.592069802274365564e-01,3.271083574562076990e-01,-1.270401977960499806e+00,-1.061157801360062658e+00,4.900352868995410116e-01,-1.163988868799732401e-01,7.882729051779082674e-01,4.435991973645448949e-01,2.546028703235236890e-02,6.673738804804613123e-01,-3.256926510789904805e-01
3.504443365453895787e+00,7.551286169496389533e-01,1.077236413173523921e+00,6.590493538637263171e-01,-1.278879650659816347e+00,-6.424304871612094292e-01,5.817409532685271500e-01,-2.910850127824164968e-01,5.677768101207854023e-01,2.871755435273178891e-01,-6.223457470868165586e-03,3.475645880961703016e-01,-3.273809460443825037e-01
3.080006666216085431e+00,5.870753686035601326e-01,9.865597252059785660e-01,1.162590899894322849e+00,-1.047826960604135937e+00,-3.594044829052727152e-01,5.758739036992207572e-01,-3.389483769547667613e-01,7.664276057631125294e-02,2.107732039748461683e-01,2.286113802554885499e-01,5.159323196217463492e-01,-4.412547286059044227e-01
2.880313538783688454e+00,1.046821700581192616e+00,1.073329354696351157e+00,1.316669394348211952e+00,-1.244667906833515580e+00,-3.710159962489087970e-01,8.519992469961703563e-01,-1.221045905088344874e-01,1.127334970776355805e-01,-2.346813664864311200e-01,-1.794441487716696981e-01,1.497224012692216499e-01,-4.410168379322843002e-02
3.152679073235232998e+00,9.716488506816478576e-01,1.268679634495146535e+00,1.231930885010113386e+00,-1.444321618858165346e+00,-2.163820949559684959e-01,2.662381570121887808e-01,-4.209877580604342029e-01,2.997586208533955521e-01,-7.191027879433509185e-02,2.061484033417176898e-01,1.227007524704193386e-01,-1.671362351727538886e-01
2.804068800262803585e+00,1.162449758103060837e+00,1.314388773740942318e+00,1.853430503257531115e+00,-1.084313147592445237e+00,5.523886190629712090e-02,4.781435936481381876e-01,-4.432190913597043869e-01,-3.746123838299552089e-01,-2.767811047386787293e-01,1.998489730002324105e-01,2.867603860744976085e-01,2.687039157642322484e-01
2.655066785559284437e+00,1.518674499187802063e+00,1.428844827052880628e+00,1.575428027955389165e+00,-1.049722297616282329e+00,6.162194966613165903e-02,7.355994212862921877e-01,-3.787597831299556184e-01,-3.933323395907826203e-01,-2.234632210691726573e-01,2.379882472910084257e-01,-2.483241289443826050e-01,2.210589597600823852e-01
3.130699862423652391e+00,1.486509120664196715e+00,1.589393656381706821e+00,1.534208743179368728e+00,-1.209927695132289704e+00,3.927591352935628777e-01,4.167016912063423728e-01,-1.272643211027353338e-01,-1.699983473564093961e-01,-2.149396813977522136e-01,1.129229254731151100e-01,-1.174205187284518281e-01,-7.846116996112484365e-03
2.822799190669949443e+00,1.727244271972974587e+00,1.510745025896970573e+00,1.447885852290940356e+00,-9.164431050136989665e-01,1.990450497560656284e-01,2.361084715901939912e-01,-3.085891817476751342e-01,2.975031106352171717e-01,-2.615220174170529432e-02,3.055410501332123108e-01,-5.192353605400213956e-01,1.130243483875792432e-02
2.157989245931322131e+00,1.495679039670280819e+00,1.821766968098922135e+00,9.472461777948408823e-01,-4.862074252954986520e-01,-1.164899382288733243e-01,6.201679527946890591e-01,4.303234067261094697e-01,1.200791792770877775e-01,-2.256255605250911955e-02,-2.415942166279971826e-01,-1.714079247635732495e-01,8.534329438921384181e-02
7.528960288787702737e-01,9.518214099906447956e-01,1.774956067016383088e+00,3.181173781862405292e-01,-6.357313506940620584e-02,-6.281564151909164728e-01,2.456025315944823095e-01,4.368517316324312949e-01,-4.286676509485942699e-02,-3.201981406281733111e-01,3.786002612856242955e-02,-8.637008560541881153e-02,1.618242370372824368e-01
-1.093349340958371663e-01,1.019279518049534872e+00,1.553617364465199602e+00,6.164076134034655041e-01,4.285430178369138421e-01,-9.087223336234364623e-01,3.391823675345138067e-01,6.755242387477862209e-01,-2.867843070985927056e-01,-6.157885339149019588e-01,1.017639119764059963e-01,5.309558482356957487e-02,-4.208882864740834950e-01
-1.152084945080116274e+00,9.499663258267658783e-01,1.183338647188642012e+00,-5.108763227440342725e-01,-3.946079337986274638e-02,-7.517203760520820843e-01,6.142882691399864648e-02,3.335767568982079823e-01,4.261410131183448469e-01,-3.356012406319833774e-01,8.269919731420649622e-02,4.709904791658258150e-01,1.016855493961182910e-01
-1.416813333324240531e+00,1.220494417857062919e+00,9.713157365923035247e-01,-7.146996828974896410e-01,1.290623254167433398e-01,-7.091249343389836035e-01,-1.207586190439399187e-01,4.551196813746009040e-01,3.395962736423318029e-01,-2.045618219037257379e-01,-2.626782305619193014e-01,-1.117433970266531462e-01,1.585535191951155110e-01
-1.066287210360450821e+00,1.169054332105523564e+00,8.173454727788096452e-01,-5.611935222462525186e-01,4.673313250997523927e-01,-2.428984516351246903e-01,2.962295825723443299e-01,2.604834477879387489e-01,1.106364340054019624e-01,-2.292682073931983089e-01,-1.890053807538295549e-01,9.752286288250711088e-02,1.562091785840495906e-01
-2.289172571433752523e+00,7.190014881493715926e-01,7.007350545135948572e-01,-7.586200557119157084e-01,4.482899063973002640e-01,-3.784595699179503780e-01,3.815089615319817717e-01,6.108385689348121428e-01,1.740383913336845390e-01,6.482546459926352700e-02,1.953321833348803382e-01,-1.477802917650494763e-02,9.237348537920997416e-02
-2.009418531411469200e+00,1.116010447068860323e+00,8.798929001109807579e-01,-9.685439644128597259e-01,4.496298101372226963e-01,-2.849544384595174007e-01,2.848946753795988940e-03,6.060582396000475658e-01,5.644347162151091002e-01,-8.901540882106728780e-02,-1.196389604084518998e-01,-3.044943350330792109e-01,-8.133529742481188096e-02
-2.342686811315912276e+00,9.099940032247135768e-01,1.152124647971477067e+00,-6.373655266852398249e-01,6.366251811529999305e-01,-1.857287217293388526e-01,3.810805950652280671e-01,3.878038710033342440e-01,2.539879610510999419e-01,3.357842152345469344e-03,-2.100080396325411103e-01,-1.005329649031780903e-01,2.711689548268758632e-02
-2.225499768957952984e+00,1.027545882930273269e+00,1.006448339808810877e+00,-7.394055700810806542e-01,4.649209042125530544e-01,-2.146610359637268761e-01,3.805617883578893412e-02,2.856119021521047463e-01,1.506935879020266378e-01,2.531752544695262674e-01,1.775401127563971948e-01,-2.297971448737768929e-01,1.095613454518017948e-01
-2.344685285587704726e+00,8.697665806787049370e-01,6.537351052948785490e-01,-7.085146586978562366e-01,4.441319865902164654e-01,-4.518497981111460060e-01,-8.155952512261199772e-03,2.577033005086517559e-01,-3.394768978892137579e-01,-2.420842046146571835e-01,1.676822746635555084e-01,-2.471443687719770965e-01,8.282914295234977686e-03
-1.508793789688061437e+00,1.138089193441062630e+00,2.429947592668897371e-01,-5.778167983753830228e-01,2.472395211013673766e-01,-4.930316554493734404e-01,1.303451899285814619e-01,4.501545768194158414e-01,1.057345683986102847e-01,-2.432880089988577188e-01,4.792516158692217143e-02,2.469751885119197965e-02,6.012805087127990333e-01
-1.236703010695674454e+00,1.045786537866103316e+00,6.327163773595110285e-01,-8.808612909010224978e-01,8.679200913739237855e-02,-6.135266430185823960e-01,2.092410673234545992e-01,1.876205342117864827e-01,9.301749853589980077e-02,-6.159357245386838375e-01,-1.703454920619796864e-01,1.067620645478950525e-01,1.472086640702304772e-01
-1.193418833517457589e+00,9.214143503172498306e-01,3.079007672227871417e-01,-8.345518404240371835e-01,2.268081791273131032e-01,-3.935542960800871848e-01,7.457944793415116624e-02,3.585569533078404314e-01,4.137636366811627830e-01,-1.799726692622796165e-01,-5.686306396310458755e-03,2.291544321012195518e-03,2.348084965365500043e-01
-1.301726098107791163e+00,1.291262846996360292e+00,5.489276191221890144e-01,-7.423490289321852398e-01,3.901921449573240164e-01,-3.131680373288774355e-01,3.186213933202095561e-01,4.028095386096899322e-01,4.895660382617308404e-01,-1.619302274542826492e-01,-8.979639807187439482e-02,-9.195808100210367542e-02,4.104086874574304211e-01
-1.111150615023720256e+00,5.347944504885480121e-01,9.291268619534243101e-02,-9.173076738931851271e-01,2.312552126175326794e-01,-2.813264192186069046e-01,1.580388687280961379e-01,3.157452119510212318e-01,5.013891937074611560e-01,-1.230078543958584847e-01,-4.343102215367811159e-02,8.650883958030630705e-02,3.026764309739505832e-01
-6.904056195663561546e-01,6.811230558827103820e-01,5.151326607756061549e-01,-7.036839860688628434e-01,7.005422973879937842e-02,-7.486453287541758872e-01,-4.561649680818126162e-01,1.504496636821310851e-01,2.207553451739412420e-01,-6.331653853960454992e-01,7.695379138799030017e-04,-1.825707655879441615e-01,1.466518703612194052e-01
-1.189913645292435262e-01,3.710727352142084712e-01,1.082066293940878499e+00,-6.619827311257797664e-01,1.211570123788363595e-01,-8.468771017659337819e-01,-7.579604606652796672e-01,4.211372217418626329e-01,3.793115192818435899e-01,-1.669664372824409826e-01,-1.608926815141321631e-01,-7.470325813493461364e-02,4.577433058246611619e-01
