3.284977747889036515e+00,1.856038448707679756e-01,-2.028444439064167604e-01,-7.064514090958629033e-02,2.595331477711968482e-01,5.616975133531986186e-01,4.490174515718240444e-01,2.030896684072664438e-01,-3.019217095176779386e-02,-3.475934366746274984e-02,-7.523438278160216042e-02,-9.868754081958408531e-02,-2.063382063199182825e-01
4.612489715513742539e+00,1.626102231824044342e+00,-2.866637573337427192e-01,-2.730140275711168130e-01,-7.930274309532308052e-01,7.813607145796968023e-01,4.491339795933371182e-01,-1.177149343352457134e-01,-2.531674638788996567e-01,-6.648635987423561211e-01,-4.446261878467309137e-01,-3.819972906409419000e-02,3.505713229740174963e-01
4.388331827645437500e+00,1.059699676680849745e+00,-2.116823218993695299e-01,-3.301332007694006698e-01,-5.121385561957720878e-01,7.092286106651231048e-01,7.940673317354779437e-01,1.126738140292397050e-01,-3.483404155184111062e-03,-5.345049569207485085e-01,-5.765907998109561783e-01,-8.089442297272536608e-01,1.447446276789673414e-01
4.338128081916711842e+00,6.728485497272318483e-01,-1.463802305205041954e-02,-1.716190087056430613e-01,-5.433732560983968174e-01,4.443937467402581110e-01,6.053608063586605192e-01,2.558119224789170421e-01,-2.611184535516475336e-02,-4.599080744378089003e-01,-6.712973238999471182e-01,-7.814743134715531614e-01,-3.218637689196253149e-01
4.955082560071933706e+00,1.880361533391304185e+00,-2.290481334564944405e-01,6.692577077983341560e-02,-3.669326425397327895e-01,4.098002547474357549e-01,4.271862206738313850e-01,2.001009963809992076e-01,1.576656210942106728e-02,-4.793056140150180333e-01,-6.413230681268689004e-01,-8.017380487540393119e-01,1.798965504411593752e-01
4.863440521919144999e+00,1.942055915408803290e+00,-3.521488481339218879e-02,2.726542963971019251e-01,-4.482900183118472270e-01,5.546615585004126547e-01,2.912701478835710844e-01,-1.951979256932312445e-02,-3.451098495001562183e-01,-3.179023901530293461e-01,-4.164135382947464770e-01,-5.616634627052483619e-01,1.366858825417883727e-01
4.797637149532956613e+00,2.077923928252021657e+00,1.457677048378549500e-01,5.233802944888805708e-01,-6.114755286458617434e-01,7.640442447320539010e-01,2.546075562586037622e-01,-9.605655125773071568e-02,-6.109059383890294015e-01,-3.074487335046448000e-01,-1.940988993013168518e-01,-4.239541152852556172e-01,7.106907054538591506e-02
5.062897163107725973e+00,1.893244293298683267e+00,3.546434852659841042e-02,1.857992348047368125e-01,-5.088361839612860482e-01,8.439476595443902163e-01,2.091455478450947592e-01,-3.413693703732878504e-02,-5.843082799276937411e-01,-4.454281404157002244e-01,-5.015426852500295407e-01,-3.093400300730784203e-01,1.861643715298297863e-01
4.984656658474559521e+00,1.505657997493331735e+00,-4.165013969171820207e-01,2.474072426855453699e-01,-3.541806416460122620e-01,9.755988770433416946e-01,5.107305393799201898e-01,-2.724006642537397660e-01,-5.532771069875436210e-01,-3.189084345870727422e-01,-7.387029664739325208e-01,-4.600745396938108467e-01,1.260951786554971310e-01
4.214572793003274143e+00,7.850114866874680075e-01,-4.955877357068518840e-01,-2.752499345894032778e-01,1.198457502465148927e-01,9.976485578835008194e-01,5.640245025332752959e-01,-2.098340255554169698e-01,-1.027170752172528179e+00,-5.198036999965875982e-01,-6.260973660672473073e-01,-2.878098109374103153e-01,6.581537930604847153e-02
3.914650536549429294e+00,-6.416473651631848796e-02,-4.803484330896947707e-01,3.782503008274409328e-01,4.095585250713815739e-01,8.701531121829741977e-01,3.758604651203636404e-01,-9.145711547936333785e-01,-7.412832844941268373e-01,-1.090042748195573230e-01,-1.364894031375792904e-01,-3.552725221725911986e-01,-6.191766684291428735e-01
3.071297355752724112e+00,-3.490885231031075620e-01,-5.902348453371297765e-02,1.215264880230698452e+00,8.867901501517234664e-01,1.198362590806261174e-01,-1.390988542603083244e-01,-8.468156368892174601e-01,-1.229396063160504426e-01,9.260823715443711190e-02,-4.759225274323375388e-02,-6.167253695461962781e-01,-7.333649552334328137e-01
3.377916086148912367e+00,-9.082347245610833397e-02,-3.479299655804624081e-01,2.130829504343570768e+00,6.701964226744607789e-01,-6.545032748656360866e-01,3.191427625936590351e-01,-4.730303259753000367e-01,3.245510029542589270e-01,-4.211163985707420121e-01,-4.170786071551850771e-01,-4.223112263816566347e-01,3.286394995529506868e-02
2.810841015777973517e+00,-2.164795339075489267e-01,2.472959684136997183e-01,2.092825960513887473e+00,4.275359248236745291e-01,-2.351195248714781361e-01,6.315160141134533722e-01,-3.106700291305943828e-01,3.035216633492094918e-01,-6.794239267246603431e-01,-3.078679710833309713e-01,-3.407762156024128908e-01,9.522204032897396697e-02
1.830559142138679318e+00,9.212158368668821318e-02,3.292862721002194348e-01,1.584615230110752560e+00,9.086873449286771987e-01,1.186109264363299776e-02,6.727474294305330060e-01,3.708681591026038449e-01,3.156497309333363144e-01,-4.751324847447414013e-01,-5.190627313544642352e-01,-4.841347567928506734e-01,5.940463792403882781e-02
1.791714903701722594e+00,6.427290864412675830e-01,-2.533409644596726906e-01,1.114038352355270156e+00,9.200420141371019600e-01,1.961815450120757420e-01,1.655140454326210486e-01,3.245729864320157088e-01,3.335033642927073827e-01,-4.452894453873430525e-01,-3.156697947562536744e-01,-2.469627514283567749e-02,8.465810709599480566e-02
6.233819630760761843e-01,1.100804216484277731e+00,-1.820132215897016792e-01,8.538967862357704774e-01,9.436098879293114416e-01,1.198143052471301040e-02,-1.571750314275194294e-01,1.151738925335826780e-01,3.718466747131691785e-01,-2.030190378413671004e-02,-9.221869729035248042e-02,-7.491776405922412341e-03,3.899226420269268356e-01
7.230003279355474710e-01,1.227407247079371100e+00,-5.792546802799891648e-01,7.176501633704090999e-01,1.061129287521569875e+00,-4.874758639296650209e-02,3.684166029617730320e-02,3.649585623203809859e-01,-2.656159404963651105e-01,-2.920094680844474988e-01,-4.176133296464585309e-01,-7.860361561766171512e-02,4.868012301441475564e-01
7.711219916036706756e-01,1.593692650811858069e+00,3.177831689585453034e-02,8.238341972694169790e-01,1.009886093054252587e+00,1.848891911385264208e-01,6.800712810498497074e-01,2.638528790987998418e-01,-2.442015885296995870e-01,-5.134880907678712747e-01,-2.864361830833309086e-01,-2.166792099025358631e-01,-4.749856198639268445e-03
9.443299971214131894e-01,1.430473724770108923e+00,-1.134505334266187049e-01,8.147084019021550994e-01,1.397776235651100318e+00,2.745412432631744171e-01,6.569016606815301085e-01,2.774763181207876572e-01,-3.036371447565913706e-01,-3.782936628761618403e-01,-3.672473293028095664e-01,-2.433043452697194464e-01,1.232771415665522285e-01
1.189077215014729516e+00,1.192316745515465293e+00,-1.728669710713608421e-01,5.884498454342939056e-01,1.417650590972403535e+00,2.825538087885546279e-01,5.852193521566313450e-01,-5.975516681684334142e-03,-6.319639197103181782e-01,-4.855389059475171409e-01,-1.926666622553486752e-01,7.756467329963723234e-02,8.979304798352683026e-02
7.475227276826270639e-01,4.722538019527289244e-01,-5.952595124504906909e-01,2.014629879615346120e-01,1.223340509438861412e+00,4.105012660539517633e-01,7.413595750703565468e-01,2.905042385241474179e-03,-1.060602192863234206e-01,-1.444983290861844294e-01,-1.707995593604496043e-01,2.604291564520244684e-02,1.753607673821898083e-01
8.636108554357615485e-01,6.977164947106242465e-01,-7.163966202541840467e-01,2.569227689420916505e-01,1.242810578315869385e+00,1.869972673219701953e-01,5.191292619903991046e-01,-1.678744210736367037e-01,-3.405314457400684947e-01,-3.103126180294573100e-01,-1.010400115240939201e-01,-1.108826202132193739e-01,3.911200394081162934e-01
9.970385527595893027e-01,9.472657706801590471e-01,-4.102381780336994410e-01,5.274302276912252729e-01,1.555687571990551632e+00,4.125365510168463867e-01,5.288464123769814895e-01,1.116930482571832917e-01,-1.504598981843673355e-01,-1.543889827800133396e-01,-6.063896936617845235e-01,-3.255256955651435469e-01,1.212845196759397282e-01
2.472279980958435264e+00,7.548267133945532059e-01,4.529019532327205333e-02,8.986739460365917864e-01,1.470978763840569137e+00,-3.087362354858538271e-01,2.985236670390539748e-01,-2.462867096336206485e-01,1.386033205713093630e-01,2.255534205935207370e-01,4.854586490709578150e-04,-4.547487385810473626e-01,3.832579035964301939e-01
3.276977404401799632e+00,2.043744506677676043e-01,3.371316447041303732e-01,8.016317188732000609e-01,9.023515865583271456e-01,8.353850916113958469e-02,-5.684124581008165311e-01,-3.633148499118130648e-01,3.170083536964400373e-01,7.057791305902894052e-02,1.505454238730915550e-01,-6.511173851318563521e-01,6.390889161617578917e-01
3.399330984670460687e+00,6.621342482551750841e-02,2.680702407104245122e-01,7.854837084088670540e-01,8.039869439991664812e-02,4.958281172210088350e-01,-7.662597560637073313e-01,-4.442693957311107944e-01,3.620954014416326028e-01,-1.624281922250646604e-01,6.458167092746595062e-01,-2.031548557067989202e-01,3.027881254389812593e-01
4.070257122369265623e+00,1.882456847915081610e-01,-6.548223975494971150e-02,4.791120609221910520e-01,-1.617643550504599403e-01,7.258940082295231022e-01,-5.831537383788834017e-01,-7.150905936287812459e-01,8.617905170320905306e-02,-3.006470704231037905e-01,7.490490050772368180e-01,-9.474231549288014698e-02,2.536309582660662976e-01
4.523998858268486245e+00,4.590188534243055951e-01,-7.748633381568021949e-01,4.486460012099691141e-01,-3.003762438224313325e-01,9.169459847157050980e-01,-1.373145740005139448e-01,-8.200171509081185528e-01,-4.505628490550145360e-02,-3.220277411025563863e-01,9.543149007592263144e-01,6.001862288119930167e-02,3.680974725715946971e-01
4.987062328284457280e+00,8.423177871209803769e-01,-6.941372629218003354e-01,5.166726915221264704e-02,-6.930539842613625545e-01,8.316389300116746597e-01,3.739618342181665334e-01,-4.165947892039247868e-01,1.354300031376989288e-01,-3.319861144642972106e-01,3.568833345268405122e-01,-2.408099100330338693e-01,5.351203040240773978e-01
5.298701823022232027e+00,9.603614058784191165e-01,-3.168690085946557211e-01,8.452392612625514445e-02,-5.545663280028541031e-01,2.358784982231481031e-01,2.786962412904496755e-01,4.082314174551338049e-02,4.876648957786303695e-01,-3.629667510894611926e-01,-9.076514783077516135e-02,1.559243283008837633e-02,4.383951127239679169e-01
5.247440278695488125e+00,1.121276634283940865e+00,-6.148840475229322422e-01,2.313593671497926607e-01,-1.832471992514947967e-01,-1.174639432937785166e-02,-7.241485375262657342e-02,-1.994239013912724179e-02,6.812319168180216433e-01,-3.762785551803038420e-02,2.606847670465293199e-01,8.307027952676904192e-03,2.763971629592258950e-01
4.826331395774641209e+00,1.304342179292750536e+00,-1.761595581505273067e-01,7.579489913230412768e-01,2.794430127948701603e-01,-2.344289987729020197e-02,-2.409727386735640575e-01,-3.749257589589169992e-01,3.324275987194882376e-01,1.938064984030559712e-01,3.417857793076269912e-01,-7.953313604925826841e-02,1.618379587225508009e-01
4.858766095089549708e+00,1.470917970013570830e+00,-9.813497673664794974e-03,5.308008456040318457e-01,1.352434011334198161e-01,1.071902479543156428e-01,2.990236330680473564e-02,-1.771852303334404688e-01,2.941799017222962442e-01,-1.863458831319559084e-01,3.247131418434683336e-01,-1.921661713591186205e-01,5.274355857862094155e-01
4.918116101626783809e+00,1.482752925556595436e+00,-3.231126998297106923e-01,3.928454872634423722e-02,-3.128343255590402272e-01,1.636466376603227246e-01,3.008392207399481766e-01,-1.118845015796929854e-01,6.469611945882299819e-01,-1.433519828319357037e-01,7.911899592981175289e-02,-1.720969166520189830e-01,4.590521880851984315e-01
5.123649707194458003e+00,1.369361262254125133e+00,-3.828571293218754334e-01,-6.545105288133679089e-02,-9.056620499167069571e-01,4.246475938315297238e-01,2.039655356273677445e-01,-2.715161537369926714e-01,7.605264180536474017e-01,-4.645489663567992089e-02,-1.531498742950565539e-02,-4.461869262352557985e-01,2.895758278360244242e-01
4.917875509512427357e+00,1.124884731533861704e+00,-4.938062236145617234e-01,-1.079626672655669140e-01,-1.197919633407426909e+00,6.372608786099120959e-01,1.169463353504824887e-01,-5.181749960763450957e-01,5.312626844571811668e-01,-1.775815085139449967e-01,3.702240252261624898e-01,-2.778431509036228819e-01,4.449036117278981628e-01
3.707310726406849888e+00,6.263794769629871251e-01,-7.960904560137382902e-02,-3.788522238348925875e-01,-3.466116133732857207e-01,1.451329543408799161e-01,2.748611767221964541e-02,-2.549752864770781224e-01,-1.446192432752584356e-01,-7.252599689825037221e-02,5.932773179384412954e-01,2.858681102380706829e-01,6.972309299260693871e-01
2.640285254904235934e+00,-2.720705432270087432e-01,2.820743348652388072e-02,-1.706704224703985417e-01,-3.078674452174039455e-01,1.884491482528971584e-02,2.750793352611048403e-01,-4.859148719287175178e-01,-5.080791278457790217e-01,-2.376919814123212293e-01,6.369123626823622875e-01,9.098537847004367629e-01,8.103827797122491461e-01
2.513749197889898923e+00,-1.056856903724324059e+00,6.139719252071884625e-02,-1.971314324978259425e-01,-7.799226258839486725e-02,2.568065088672762952e-01,2.175008730315619587e-02,-5.716480900716700564e-01,-4.972776475618676528e-01,1.879865901230614311e-01,3.839325653216854040e-01,7.079470099589408871e-01,3.248016203649508604e-01
2.880329659087827121e+00,-9.715134314391280501e-01,-2.859834268941585655e-02,-3.533191797521650912e-01,-4.847812926423755719e-02,2.058951586699209191e-01,2.152312619243944569e-01,-5.677298845953018258e-01,-3.684024772626464106e-01,2.912360446904164735e-01,7.184590844987737146e-01,5.212972250227928539e-01,4.254590247104012013e-02
3.067361275205185311e+00,-8.697134491936382439e-01,-1.101142962394650038e-01,-3.210556913747908414e-01,-3.555734740956961737e-02,3.765897824303738872e-01,-6.921758606354966314e-02,-6.744703921052612738e-01,8.607941741482838527e-02,1.748472319931675956e-01,5.918217235583050906e-01,2.879302166875932212e-01,-3.087846656779056898e-01
2.776201005831147928e+00,-8.319134091884681226e-01,-1.207045741999801525e-01,-3.711467758602700062e-01,4.345015413960617856e-01,2.654652359891507274e-01,-5.199904098061226554e-01,-1.385539167830849294e-01,1.688519119493106513e-01,3.885823136965560476e-02,6.014387810210122254e-01,-1.914419739225570183e-02,-2.129033334153278556e-01
2.335601636823649851e+00,-7.369189958055861744e-01,-1.001231543444072170e-01,-1.268513467766312353e-01,4.045611041365299032e-01,-2.849102724086152172e-01,-1.025398056900208132e+00,-1.177599267850176767e-02,8.693074367872632990e-02,1.900286817188992505e-01,3.260389802843778884e-01,-2.229417387016356389e-01,-2.657868351847577637e-01
2.775112222845001586e+00,-8.378739014564648979e-01,5.442334570459506082e-02,-1.534069172807490666e-01,4.824693254876909476e-01,-3.116982649086756929e-01,-1.056591525503880469e+00,-1.450835832647042190e-01,8.242642363425123353e-02,1.551525211410647587e-01,-2.385684619237894433e-01,-1.331073902941691256e-01,-1.874344214674346087e-01
2.898499622659997499e+00,-1.061161698411667409e+00,3.557879348420567300e-01,2.511496571034477210e-01,3.823732714956974421e-01,-4.525812101262566278e-01,-8.408604519976417002e-01,6.848930213585169291e-02,1.519380385191554383e-01,-4.918601266802585803e-02,-5.035731305222130860e-01,-1.321610490687215034e-01,-6.009768728028819229e-02
3.386640213247394282e+00,-9.571369872710790982e-01,-2.796717085595146202e-03,7.549668065108541271e-01,3.759201155778513215e-01,-7.498835196678865778e-01,-2.855513549868967660e-01,-8.781646791920627582e-02,-1.528000884159937955e-01,-3.473742901516375103e-01,-2.086740670003420783e-01,-4.064869227094650705e-01,-2.426132671247472894e-01
3.054877956623396340e+00,-8.403734551451971235e-01,1.928205546449581753e-01,1.048365220778247675e+00,5.691925809823583648e-01,-2.771072651950707844e-01,-3.944137794037158029e-01,-4.863683719607997391e-01,3.298247690031507195e-01,-5.774269476522286837e-01,-1.485344689053482714e-01,-4.092797032731093632e-01,-2.031848333263203688e-01
2.042001395042952971e+00,4.755431243892016546e-02,-4.231183046452096086e-01,7.811326140513874527e-01,1.235270656524515953e+00,3.781900448095936174e-01,1.490019381245375474e-01,-5.530344180673302246e-02,2.232275096423805283e-01,-1.907066095403415207e-01,-2.489207643617216692e-01,-4.258227406647356883e-01,-1.359879038942086726e-01
8.622116705508138246e-01,1.159750175758410995e+00,3.409862014945508335e-02,5.030706009603012063e-01,1.204665103511030289e+00,-4.992205527256210473e-03,9.359576672737235370e-03,1.365731641239436023e-01,-2.666373932459886742e-02,-1.136496576109592149e-01,-2.327806641917493646e-01,-2.530297386303644314e-01,1.351938092907474243e-01
-2.466576953929835447e-01,1.402383330283982321e+00,-1.916551912516983869e-01,5.173759407422978684e-01,1.306298370310921442e+00,-1.589091954926559191e-01,-2.627142143015784859e-01,8.891804157808547160e-02,1.083063847940172186e-01,-2.329176984293045982e-01,-1.405535412424808728e-01,-3.144056924608485404e-01,1.962402576930005194e-01
-6.782905343754164207e-02,1.388904697729790527e+00,-4.274885651524136243e-01,3.766774118959348439e-01,8.741823903838213949e-01,1.322062899419393922e-01,8.133101538705500566e-03,9.354500267012483272e-02,-1.274358241786014978e-01,-4.823295402517676078e-01,-6.198661032656510583e-02,1.583566736207196457e-01,4.763628527951886404e-01
-1.213907873911288515e-01,1.295453686803968552e+00,-2.960474220719786498e-01,5.140752938675703376e-01,9.055560638615713920e-01,1.001873776959215645e-01,2.542018494766425940e-01,1.321136491926877543e-01,5.323365044230310428e-03,-1.020677631217845049e-01,-1.498945465634843321e-02,-3.653995627061878970e-02,2.594262577604384279e-01
-4.908011867449817434e-01,7.181661557318348432e-01,-4.433587442962840797e-01,4.120127140376459440e-01,9.806842147307542890e-01,2.285167240492704810e-01,-6.100862565822129380e-02,4.103218861712888410e-01,-1.647864661634986239e-01,1.313067089691734024e-01,-6.732895281497403017e-02,-2.437803787403973188e-01,1.410307002120400055e-01
-3.896868274101399354e-01,4.695735182524611862e-01,-8.712815783339205034e-01,-3.773085168333012440e-02,7.222357875098696089e-01,3.267553601370477567e-01,1.905819417150518280e-01,2.638123301930644926e-01,-3.007424029486094330e-01,-1.043184944211511533e-01,-4.346299986573809448e-02,-5.159121792629028924e-02,4.575387950467224574e-02
6.145447417979530425e-01,7.510765501677549860e-01,-8.753302443370785113e-01,2.386349770054532193e-01,9.291470838108879526e-01,4.886275110974469538e-02,-2.543810520380099804e-01,2.528653642993620165e-01,-1.379738097337868119e-01,7.798519511376872382e-02,-2.017427033755750387e-01,-2.940780236137375270e-01,-1.013623941124662253e-01
8.856975530794992668e-01,9.214950318109986771e-01,-9.349862726557334192e-01,3.570348228266710944e-01,9.097309171763390268e-01,-4.321074056156536392e-01,1.052937490807188681e-01,-4.856619250307975255e-02,-4.120462709668630819e-01,1.465280291991863937e-01,-2.966300953857345379e-01,-1.325524933503837710e-01,1.942839945947706926e-01
2.343799075636772145e-01,2.784854791526596429e-01,-4.580532491143327611e-01,-2.820707394672949953e-02,8.948513480828754751e-01,-1.219391509441888344e-01,-1.054577838423964575e-02,2.694828405206765587e-01,-1.287924612982573880e-01,-8.322026833042150962e-02,-1.681909410454852649e-01,-2.489935038188326732e-01,-1.141345072421549034e-01
4.029932260544892841e-01,6.014783081456744895e-01,-1.603341218578442362e-01,2.949336117588772233e-01,9.268197999647427299e-01,2.042828045328171083e-02,3.040046047590757583e-01,1.321173216256421590e-02,-3.926801894930384007e-01,-1.850356204695853268e-01,-1.197788297493891929e-01,-2.228559631027584031e-01,2.116625381602874056e-01
1.814738660950576454e+00,7.740035361871693276e-01,4.903138058457523485e-01,6.994776812985439296e-01,5.440492769750886470e-01,-1.657610058154214139e-01,-4.626756764850450399e-01,-2.735283857617231695e-01,-3.920827544982217194e-01,-6.046156338684169906e-01,-4.913377652134093276e-01,-1.673534143153048159e-01,-1.417516289802956408e-01
2.781914502638176856e+00,3.492887435886036229e-01,8.049366054592005382e-01,6.292514618432027973e-01,1.691015140721068288e-01,2.971858062288768032e-01,-6.238033325123447659e-01,2.030530977048022878e-02,-2.278836313078215214e-01,-6.205456714536292662e-01,-5.067243240758870781e-01,-3.619006925685780418e-01,8.452005419178237888e-02
3.426676907288811691e+00,-4.255603623600343610e-01,9.007005206917968465e-01,7.646975070358328352e-01,-6.360646952701265455e-02,9.617483293204864836e-02,-7.259717216196908129e-01,-9.596553491123038793e-03,-8.061115488502490489e-02,-4.715789099373709492e-01,-5.876510597103400402e-01,-5.532618140173873877e-01,1.709077817927118215e-02
4.138593489992079100e+00,-2.770934487416847336e-01,6.091578007122075977e-01,1.321391983650480606e+00,4.851649305942966617e-01,2.147455030983043134e-01,-3.533821513936481473e-01,-5.019286583421376235e-01,4.710909577444255536e-02,-2.584928435230109400e-01,-2.375422436863720010e-01,-8.257789666569795850e-01,-2.733388959679775576e-01
3.584619760241525732e+00,1.113639633227401227e-01,3.665388775873679172e-01,1.345677346144653175e+00,9.541981392323979350e-01,4.768818059124553255e-01,-6.506150893712892014e-02,-6.221874624292444977e-01,-1.725739881510627294e-01,-3.448172458856419986e-01,-2.623896577734322610e-01,-9.940781735522240536e-01,6.282083285811435047e-02
3.622982337877230563e+00,5.955576688127623974e-01,-1.556255643787967102e-01,1.142653406456608067e+00,1.073477948992284103e+00,-2.271545781874730885e-01,-1.236777678930276458e-01,-1.636589259541716412e-01,-2.324987958529362020e-01,-2.793985152657944004e-01,-2.669077204326482100e-01,-8.894211321459670749e-01,1.912396500681570188e-01
3.447759947030617944e+00,3.140477162758106289e-01,-4.036834868607757087e-01,9.891168672249635030e-01,9.143998562064021840e-01,-2.190705447093526104e-01,-3.934074405322118828e-01,-1.012417190290835212e-01,2.682044752840906376e-02,-3.096189372259226524e-01,-1.706350051590914685e-01,-3.595715445197281701e-01,-1.163394381784932374e-02
3.496287715409991392e+00,5.341810224321665856e-01,-6.184723225028285754e-01,9.136773115939331724e-01,8.737940837906403857e-01,-5.266089105421745131e-02,2.331314868946170460e-01,5.959520472418922132e-02,-1.863971286275442063e-01,-4.678369331596499703e-01,1.665069748806289329e-01,-1.128000212090101151e-01,1.630665018711147107e-01
3.329195662847834747e+00,4.509733083157989597e-01,-6.777001824134574193e-01,1.011287310121064653e+00,8.572394161242804511e-01,3.691812258321718332e-01,6.852415437289538502e-02,-7.704957595353767452e-02,-1.785511639914720838e-01,-1.397246430694760178e-01,1.572778272918008424e-01,-3.025348352807395447e-01,4.313831970544710348e-01
2.743009251714312313e+00,1.236366686733234133e+00,4.030467212792672171e-01,1.178738049770740925e+00,2.729207902788832740e-01,-2.306670765492702113e-01,1.535479772561717526e-01,-5.153887563415204820e-01,-3.212283246913512080e-01,5.660835872876124331e-02,4.086470897052812967e-01,3.591126022029126341e-01,6.029771267024919279e-03
3.996920418610416803e+00,8.165880524513458028e-01,5.942384774671154446e-01,1.095064974736423613e+00,6.360969761203620898e-01,-2.044515997811997554e-01,4.195268719359104281e-01,2.420236657597212293e-01,-2.234193966503711382e-01,-7.034870559307906390e-01,9.327024341837064636e-02,1.251999575101172546e-01,-2.661161925743380507e-01
3.953206216495071867e+00,2.497488783089441000e-02,7.430695078810090060e-01,2.015983406579168857e+00,4.790566132739348948e-01,4.675892928527369818e-02,5.802255216605486376e-01,3.972897051977470895e-01,-3.051244645739732420e-01,-6.541404077234835857e-01,3.644431098338037911e-01,-3.498456740695918832e-01,-5.581821406876531499e-01
3.149482563021162029e+00,1.987067396638297900e-01,8.736242452803419933e-01,2.150227787123062839e+00,1.579642184891434376e-01,3.765722587619602102e-02,8.230490197886130010e-01,2.644361566161248511e-01,-1.707820210406845729e-01,-5.122057831853130683e-01,4.276334847723518573e-01,-5.024502225289321222e-01,-7.712247604359574460e-01
2.600074514693415217e+00,2.536189774901833616e-01,1.020558661325955185e+00,2.268798005445368915e+00,2.245803302349771435e-01,3.045435382434895644e-01,7.182007337441674855e-01,3.080924931827899726e-02,-3.881060086579831703e-01,-4.800656524984274753e-01,4.820973031458489766e-01,-3.800538301893922055e-01,-3.513561174179044566e-01
2.564912945307774805e+00,1.625412277031490493e-01,1.102633934522015302e+00,2.192964044490853137e+00,-7.439873983145739444e-02,3.343527202370362161e-01,4.883189503453421176e-01,2.296301369041753304e-02,-2.279095455625327893e-01,-4.102855148733122737e-01,2.659947767175867561e-01,-5.483106251676024279e-01,-3.036947184338472105e-01
2.422448446214501949e+00,-2.766799273925135694e-02,1.306153371317657852e+00,2.088730410715680108e+00,-3.610841170727527860e-01,5.747714979191383966e-01,1.906535459634760565e-01,2.338729497342947328e-01,-2.712670480698453068e-01,-4.052288278547211409e-01,4.439869219031369330e-01,-4.083715312622371307e-01,-2.802106217091874796e-01
2.431983257825164557e+00,-1.508882418184775975e-01,1.159645609390775656e+00,1.941045052181543662e+00,-4.033181428389198686e-01,4.702334385704183273e-01,3.974292540286670228e-01,1.300019292290189310e-01,-1.948953718894327891e-01,-3.440874812868154886e-01,5.553054178336724878e-01,-2.279641445444347547e-01,-1.596434651123926907e-01
2.364842950422608503e+00,-2.355293408170240355e-01,1.053132463193407142e+00,1.864201458704388692e+00,-1.890018052782342917e-01,2.880058704060000085e-01,2.840585487456143143e-01,3.095905832961221016e-02,-2.415892854544732793e-01,-3.771199607776771767e-01,5.403000050068685889e-01,-3.088755077916657266e-01,4.486233798182365229e-02
2.476228212786116156e+00,-2.217872690001447822e-01,7.877868102016244434e-01,1.948767917009277317e+00,-3.135101019717785320e-01,1.984110402603627143e-01,2.613084982546225454e-01,9.319690068495467550e-02,5.794542774477634550e-02,-2.796844203893301128e-01,5.477900659802390493e-01,-2.018387761601985186e-01,5.978008124942052470e-02
2.832953151930881930e+00,-2.883659415873158771e-01,7.738706623312968658e-01,1.872244654979446921e+00,-2.211842903630818480e-01,8.531422715181391503e-02,7.699971180569642470e-02,1.965661788971193591e-01,1.922071975354816553e-02,-4.564359366724390354e-01,4.200526365102490445e-01,-1.991044022932952906e-02,1.716345307954804666e-01
2.768793762747297826e+00,-3.705292597725433623e-01,7.005669895118983304e-01,1.682274249569882363e+00,-3.653753408158744165e-02,1.329040568813741885e-01,3.883135806605997331e-02,1.943177216661806650e-01,2.816765370261092305e-01,-4.374554828187460220e-01,4.389011851345828719e-01,7.223583813931644393e-02,1.870254199201475398e-01
3.106844287127332294e+00,-2.964880938370568764e-01,6.300009834376747442e-01,1.710668929251871972e+00,-4.155963343152047074e-02,1.010842880983833236e-01,-9.156677277790414848e-02,-3.555815378945392791e-02,1.880754892406863443e-01,-3.310937330666144929e-01,9.363634828954336964e-02,-7.058088409575369315e-02,2.554136047743427729e-01
3.194320766797888567e+00,-2.237596670915622532e-01,7.069255135566610004e-01,1.772754700598305977e+00,9.089312352422429520e-02,1.128034211784489926e-02,-1.222294897108663347e-01,-3.314674004914739402e-01,1.018789049075047304e-01,-3.376188339399822103e-01,-6.986012465572222219e-02,-5.491251030658117482e-02,2.930836706440458350e-01
3.267335231783373040e+00,-3.754392040749854331e-01,6.573312723118187595e-01,1.742419033696247288e+00,-8.782636057744541702e-03,1.421491756778958671e-01,-7.482874995397381657e-02,-3.669299317834847640e-01,2.629181929021260911e-01,-1.923521670775961145e-01,-1.852990329083392673e-01,3.497337207868378428e-02,3.428370937781290984e-01
3.126570010629212248e+00,-1.193259638462562666e-01,4.135424634324103010e-01,1.744701239935987580e+00,9.463584903403798876e-02,1.499701884861106560e-01,-9.514111171625760921e-02,-3.882472034833304164e-01,3.637342080844340741e-01,-1.274503471483033057e-01,-2.007895333448856956e-01,-4.954532486273233172e-02,3.390485396475402813e-01
2.988413798195257876e+00,-2.020950447548091056e-01,6.527744315695238608e-01,1.765128844549204823e+00,-4.727460364919666702e-03,2.341389993475586628e-01,-4.676874992028490219e-02,-1.949499110862835671e-01,5.212930382515583716e-01,-8.804495325627523239e-02,-2.016443889992135530e-01,-1.303746221728285803e-01,3.302135605266006135e-01
2.888903505506607239e+00,-2.751023079607439747e-01,1.045731420427462588e+00,1.442991223668205425e+00,3.512445222310360826e-01,3.172621850488577255e-01,-2.387136253992859780e-01,-2.703437035876179451e-01,3.582196941143102054e-01,-4.852478327433959460e-02,-1.931449165452497896e-01,-9.424791773593677036e-02,5.055444060709891607e-01
2.275999273435274972e+00,3.241740360400415799e-01,7.946443957011226633e-01,1.036964832799212033e+00,6.536201844316325005e-01,2.686316320089223719e-01,-1.917810849956299579e-01,1.141830768765278448e-01,3.279852908510344500e-01,-1.519648706143076344e-01,-2.101441995322782530e-01,-3.136208936652640222e-02,4.268030760786692968e-01
1.279017828140472046e+00,8.178176959317688954e-01,1.333969322796020318e-01,7.327327667240968179e-01,1.059779904087366331e+00,-1.825004823019474864e-01,-2.810161381340459119e-02,5.186939496294988849e-01,3.057116058339954257e-01,-1.776892351481625942e-01,-2.408003820188691635e-01,1.785190105272317362e-01,5.984779375606972263e-01
3.455868796863614811e-01,1.283243165575948197e+00,-1.449159681871572403e-01,9.997821393322174899e-01,1.092366164109091375e+00,-4.865866976059207705e-01,-2.329627373271662139e-01,2.488516198973565463e-01,1.628129235000658759e-01,1.260305143461195598e-01,-3.396008567857566884e-01,-2.041720654609242014e-01,9.279745590920788212e-01
3.798463363185733410e-01,1.890124134506950604e+00,2.485560706704342815e-01,7.521049141619779999e-01,1.093602460377731900e+00,-1.425813404355765757e-01,-1.677873424712401640e-01,3.105204852018909611e-01,1.232109505901668456e-01,-3.784729879925540774e-01,-1.793811690505986989e-01,-2.279247826128706356e-01,4.921874997906365845e-01
1.776755344845470930e-02,2.120906940580772559e+00,2.009965741886525770e-01,8.042005863247772002e-01,9.595283117777122506e-01,-4.434129946073802619e-01,-1.033474798990223764e-01,3.202179464006724707e-01,1.446566640155584893e-01,2.489408965574974042e-02,-1.987561623362363861e-01,-1.677275789776107584e-01,4.364301364083293389e-01
-1.156056673328962336e-01,1.894528863241008887e+00,1.404976064119504153e-01,7.780744593899777684e-01,7.791623760041826996e-01,-1.297807946777251864e-01,-7.569999244866387755e-02,2.577872940896128728e-01,-9.383212300675164430e-02,-1.001730476337071019e-01,2.302398591089802604e-01,8.157005715286852476e-02,6.022181133955477605e-01
-3.625282117342587540e-02,1.905499050599298805e+00,3.786875308643572469e-01,9.244558593822597148e-01,9.792126900610308438e-01,-7.172732482525145947e-02,-3.324274973073393369e-02,7.803861974319259431e-02,-6.004081998308136159e-02,-3.017490384115313895e-01,-1.191090891689341458e-01,-2.124558801841860411e-01,6.910670110099307317e-01
3.982408450523839960e-01,1.271968652995260296e+00,3.233814856484159561e-01,9.463378943880469407e-01,1.151537547202998280e+00,-1.794461917782956828e-01,-1.823788555525654997e-01,2.910746879857784020e-02,2.850838378514484184e-01,-2.957241882641221120e-01,-2.841110796703758545e-01,-4.075323980666373247e-02,6.693272843750689427e-01
2.124005959637499164e+00,-2.752672754343241657e-01,6.340826554350587063e-01,1.106056436183122438e+00,4.774156939120930421e-01,1.873378969999570653e-01,-7.984812226237592014e-03,-1.972122952822821240e-01,2.590798925397815866e-01,-3.754001124043063187e-01,-5.942327248793488614e-02,2.185749003332282392e-02,5.589108768250945491e-01
3.201656618832779966e+00,-7.437061324667648687e-01,5.681437005754226277e-01,1.715980012930992338e+00,2.759671263634306815e-01,-1.963602658148451141e-01,-2.806464615241013316e-01,-5.256030519272368862e-01,2.827506564842118264e-01,1.086334689331998615e-01,-1.697438550200769392e-03,-3.127264019407272055e-02,5.112345783192175919e-01
3.640828836426274862e+00,-8.473220339514977439e-01,4.136866341286848936e-02,1.841052406033341304e+00,3.147140252492188761e-01,-4.755921112608891832e-01,-3.146154734571858791e-01,-2.330263318819212337e-01,9.621768937968605551e-02,-9.855558605147010653e-02,4.153686905463678247e-01,-2.357421233323871990e-01,4.288378077656784804e-01
3.254414049448367763e+00,-7.270056467746961459e-01,-6.249011377930280275e-02,1.610251083519179005e+00,6.322297625845718638e-01,-7.551610116107476678e-01,-1.802478152795262689e-01,-4.424592259094550784e-02,2.092416345103292330e-01,-1.078597992353047541e-03,3.759167310013922236e-01,-2.191397710185272185e-02,4.853217697245871820e-01
3.481187415904003490e+00,-7.303641706262562483e-01,-1.866503763426916596e-01,1.293296295218119951e+00,8.681357355068910486e-01,-7.842449491366791925e-01,-4.177160929305894221e-01,-9.576028751209841872e-02,1.041087303847428869e-01,-1.455548370628394483e-01,4.092412940901890561e-01,5.298758704508854667e-02,4.216551736706563025e-01
3.701847070724427979e+00,-4.705246716778157534e-01,-5.018752666206101054e-01,1.534779525857534965e+00,7.434520124288270804e-01,-8.784275260426526177e-01,-4.245362789028398476e-01,-1.852566898230623149e-02,2.569028149901629865e-01,-1.568118602341950218e-01,5.275963755621635443e-01,2.258012294999944825e-01,4.012536692884637324e-01
4.081645907218061531e+00,-3.380034541124810055e-01,-9.891353869271510835e-01,1.750580588887002520e+00,8.494019722883132673e-01,-1.007815380279330153e+00,-3.870599452830760789e-01,-2.203660960073650088e-02,4.441456152416770053e-01,-2.270758945027839815e-01,4.673461616489152926e-01,4.162666233778955505e-01,2.301824588279576256e-01
4.206718309891727792e+00,-5.000530980085131638e-01,-7.360202452720376876e-01,1.749186019136178771e+00,7.482097200365773748e-01,-8.339106934417872541e-01,-4.637135285504314641e-01,-4.530505700568295824e-01,5.328996574638320549e-01,-3.707221693849854782e-01,4.789371567140690011e-01,4.785775594829508872e-01,1.658227821944144864e-01
4.377681572869226656e+00,-4.642993858765407378e-01,-8.769868002652412287e-01,1.836575338664922619e+00,9.257406670573873342e-01,-6.908661012831895931e-01,-7.134602971458847698e-01,-5.522019351687770250e-01,1.998284035354299659e-01,-2.555028520534357028e-01,7.545664061943655465e-01,5.027071793703322689e-01,1.596552578537078215e-01
4.534681153800062425e+00,-2.381770592283185550e-01,-1.274164557881150017e+00,1.504380651206911335e+00,8.054400082312929143e-01,-2.306261792589485715e-01,-8.477306698105857574e-02,-5.907109001701886797e-01,-7.010976824816350650e-02,-6.848266267468000601e-02,7.237659775424840625e-01,4.808746030257707860e-01,1.655620818572230979e-01
4.985189139593586560e+00,-5.538113244851849970e-02,-1.264847727432853564e+00,9.165753996943415416e-01,6.670330506254087410e-01,-1.959085312771966514e-01,1.341438916253582248e-01,-3.406254818965829267e-01,-4.469327221106197401e-01,-1.939560656936925587e-01,7.174441964872565469e-01,1.712262683896759174e-01,2.088801522092010865e-01
4.462912123218027105e+00,3.371126080348938459e-01,-1.075439359437156739e+00,4.514374566181986737e-01,5.982939555618127514e-01,-1.665193930747581597e-01,3.525640849344793271e-01,-1.377771422643205845e-01,-1.851431705129021887e-01,-4.566897697864128469e-01,1.695207718316853462e-01,1.483067230371160061e-02,4.250167149344714623e-01
3.683234987039788244e+00,8.027614545711263538e-01,-1.113325547413247296e+00,7.976315097104522689e-01,8.355199612580010982e-01,-1.259857024555961491e-01,3.798734459904830052e-01,-1.208396161980107575e-01,-2.397219072061402834e-01,-3.229882727647819252e-01,1.077228690840414949e-02,-2.133132234481127654e-02,3.322815605646066706e-01
2.965466696531152913e+00,7.751616390427313874e-01,-6.154919050231453248e-01,1.163610863433618414e+00,7.062860001944410993e-01,-1.057686789662979354e-01,1.911318113004178976e-01,2.328473108269812908e-01,-3.705719167611198905e-03,-3.664452015760926717e-01,-3.033602364025813625e-01,-4.153689875205024418e-02,1.481553632988462654e-01
2.777042647907508321e+00,1.222035421604814154e+00,-5.603790429281327867e-01,5.820621198657367490e-01,5.759714479314137492e-01,1.913519920122357387e-01,3.464563618588021310e-01,-2.723319150314384984e-02,7.966692864042546063e-02,-2.628195896323850533e-01,-3.499485829868536069e-01,-7.192089508593735303e-02,1.126792956584437011e-01
2.957936361587664376e+00,1.055652958237266681e+00,-1.318898613552537125e-01,7.963576478369134293e-01,9.191928305156595869e-01,-1.878123634497863570e-02,-6.763812289740334105e-02,-1.361635491489474603e-01,-8.297638419969910473e-02,1.206936654835322753e-01,1.225924115999590391e-01,1.863418452892772192e-01,1.157616218165602451e-02
2.600025275378754053e+00,6.716524705031861053e-01,-1.118721272926541666e-01,8.597174125252216026e-01,8.731960705617534124e-01,-2.199558402304854221e-01,2.657228153485128308e-01,2.407087046450369083e-01,1.760608938042105276e-01,-1.727608865057096432e-01,-1.279983279655264594e-01,1.102497488213858290e-01,2.119499991898907698e-01
2.947532474964368987e+00,1.109818017421511538e+00,2.172134614380936135e-01,1.064859701551729820e+00,8.174711365560993759e-01,-1.953844176424927026e-01,-1.187915310684709569e-01,-1.007486236947089386e-01,-3.211822842972636982e-01,-1.894716823008958384e-01,-7.492324671481109810e-02,1.305235254886466523e-01,4.989110648537359305e-01
4.021823266831755284e+00,1.433483782439298082e+00,2.266817061064099192e-01,7.033443520472428823e-01,2.288405533634443323e-01,-1.779748152172848652e-01,2.998182991485958127e-01,-1.230844598867590900e-01,-1.917947521943872413e-01,-1.791556705552339590e-01,1.770355725753688381e-01,-5.616949474001153852e-03,4.209103590047029719e-01
4.764693280314803658e+00,1.073000274798352471e+00,-6.614381353270930575e-01,7.160597837216364780e-01,-1.602987993462008376e-01,-7.515681837981995628e-01,3.864370188259396155e-01,-1.105822671176794891e-01,-1.482582032283933371e-01,-1.339959772995410470e-01,-3.862563940965046960e-02,-2.096533857521863942e-01,4.192981708594915036e-01
4.978562802368610818e+00,1.149957344478488963e+00,-5.701793405486808020e-01,5.839314886829378715e-01,-3.284970242957165887e-01,-4.320833328833881826e-01,4.071059241323370381e-01,2.369482655392740611e-02,-7.548417544822683123e-02,-7.295801971596141411e-02,-2.065364546611786478e-01,-8.185882582623538184e-03,8.342605205728830242e-01
5.240777004035090059e+00,5.991315649802184673e-01,-9.338669521282705333e-01,2.576273880593569210e-01,-1.673946826018803957e-01,2.764331028379320987e-01,1.291146949478539918e-01,-2.158573642688796923e-01,-4.974151598228431226e-01,-1.853715456420320096e-01,9.380829370149668112e-02,5.366471029911288326e-01,6.996638733352970041e-01
4.222186659539021392e+00,-1.149677885399480459e-02,-6.243221640514429183e-02,-2.504993969625610717e-01,-1.938180222389709328e-01,1.923074233135824151e-01,-1.775344608263895729e-01,-5.494393640093375719e-01,-8.414997309886090848e-01,-2.091119433652412485e-01,3.541478693224909824e-01,7.824212542238693224e-01,5.285465047468881350e-01
4.012558494209441662e+00,-7.415165902257636610e-01,-3.402010925738352398e-01,1.231031787171623648e-01,4.480089919822960454e-03,-5.843003441852601121e-02,-5.119494117607691352e-01,-7.099112968625838072e-01,-5.502226382401784743e-01,1.020573419948631322e-01,4.025238940157975787e-01,5.062243166462193633e-01,1.674200416628865984e-01
4.387488718938471699e+00,-9.939284296401176277e-01,-4.396064264129617705e-01,2.726934169391401763e-01,2.898035870600574881e-01,-6.533349097101022185e-01,-4.219760306874564826e-01,-1.993921862930545519e-01,1.083635703008782869e-01,-4.067467257109130818e-02,1.862922562108273450e-01,7.946325319160718603e-02,8.140855764991861143e-02
3.986320768350187116e+00,-6.844249717566004421e-01,-2.885540000881325895e-01,3.312998858566462701e-01,7.348938504279622919e-02,-1.067391154951275567e+00,-2.509372799802067622e-01,1.626488568229966791e-02,1.616229198073343420e-01,-8.085240861178366600e-02,4.286453131127637706e-01,-3.614697290724265821e-01,6.112513536446267937e-01
3.381335903002390175e+00,-5.490491091430738102e-01,8.077740580024261874e-02,1.743813589451264079e-01,6.135416003852589562e-02,-1.156782477723678371e+00,-1.704009631221098386e-01,-3.896901505703098678e-02,4.071622001221651965e-01,-8.246823826199181640e-02,2.513541458819843477e-01,-1.711678943878469639e-01,3.474435094204283425e-01
3.020706652731383279e+00,-6.785033957135089278e-01,3.527193564881152543e-01,2.137834708740686818e-01,7.207560009510860510e-02,-1.139236143249738875e+00,-2.103254831503416078e-01,-1.904126889426771552e-02,5.994066057010203341e-01,2.874771740560591593e-02,9.379055281405640487e-02,-1.460313996837936390e-01,3.899597258463931571e-01
3.098412787602351948e+00,-6.735880760526498090e-01,2.415471604249930238e-02,4.998605676151304245e-01,1.965459865387906291e-01,-1.076382827663905362e+00,-2.565704763997700422e-02,-1.288135273022404936e-01,4.843707949020168990e-01,7.686415761806986158e-02,2.093636702853761133e-01,-2.603316035632783354e-01,3.753325908288281942e-01
3.841802245718287878e+00,-6.518583313322023898e-01,-3.621334397404727401e-01,9.439262645651833594e-01,3.048305011350465055e-01,-7.760004268738385225e-01,-2.836707452524422912e-01,-2.334482294648324574e-01,2.488991463022671713e-01,1.881771814995587544e-01,-1.758935723762300452e-02,-3.513382845195882620e-01,1.555871858394685114e-01
4.722264366129214075e+00,-9.684482175853539321e-01,6.565475464380003956e-01,9.260668308512136626e-01,4.028513397294999354e-01,-8.413790159844936056e-02,-1.464582932758036193e-01,-7.681919758368990214e-01,-3.347526709558756863e-02,-4.405889928570015379e-01,2.736756100157400340e-01,-2.119521081172970334e-01,-2.812852443315537743e-01
4.383790759458553232e+00,-4.351253858282708720e-01,4.109666073288309462e-01,8.527597610441084441e-01,1.030203716989620322e+00,-1.047154305332691493e-01,-5.200239887980107056e-01,-7.715666363069954015e-01,1.086747816615931672e-01,-3.666764439016254040e-01,2.399197390530461993e-01,3.266616037081402357e-01,3.407603767920028837e-01
4.079669000543034052e+00,-3.004149357503793638e-01,1.543356699018394451e-01,1.207819728603193088e+00,8.674558638328844218e-01,2.312238813032512219e-01,-1.257659554411856284e-01,-4.944095024299527408e-01,2.280137663710470886e-01,-4.298709045608750112e-01,3.218721557899811847e-01,3.924548798881808409e-01,4.403299319253007882e-01
4.428141752820566879e+00,-2.668211676851051095e-03,2.281874289253313925e-01,1.013986618623174074e+00,4.902543239075711767e-01,-4.831891539297594740e-02,-1.897029143439947774e-01,-4.930064091514978486e-01,3.440369654339163752e-01,-3.744289595336751653e-01,1.991528920589908935e-01,3.464035438153438839e-01,8.649669797217662826e-02
4.480629208440054967e+00,8.107953489453390006e-02,1.296268000728750813e-01,9.368323906621096597e-01,5.190016308104721254e-01,-1.213135185510760827e-01,-4.076556546024321381e-01,-7.240874367095968545e-01,5.179643296271385644e-02,-1.595860943353237804e-01,4.267590589376673016e-01,1.787704504587251941e-01,1.902183297781256943e-02
3.911206021145642531e+00,6.805312663656470917e-02,6.088922787285890870e-01,1.111630608904423667e+00,5.396688369489133219e-01,3.774782324328596061e-02,7.939430269084812863e-02,-6.689384354591805248e-01,1.326966067935730909e-02,-1.999880500482719703e-01,3.354792826228168989e-01,1.140135955106769128e-02,-2.625149331352042426e-01
4.868639338417612095e+00,-7.894900143716199192e-01,5.633934582536070934e-02,1.190039684121062535e+00,2.129879410123012295e-01,-5.512769766902816393e-01,-2.523523552027913119e-01,-4.543517175753827297e-01,2.337449628252552536e-01,-2.298035323308816325e-01,2.389390736041778762e-01,-4.938877341594837267e-01,-2.241997788317685592e-01
4.713860980975804083e+00,-3.352837951688263374e-01,1.854318164084300946e-02,9.003040660793462102e-01,-2.996316158975116384e-01,-6.597242494588404504e-01,1.354591135569009896e-01,-7.169365537416332312e-01,3.558584811610954191e-01,-5.057784867919813410e-01,2.085110131192535743e-02,-2.713794612434407005e-01,5.626934563612419060e-01
4.127470856369176211e+00,-6.822637869145609102e-03,-2.260315093160571998e-01,7.409845651679591860e-01,2.200458116183525714e-01,-6.816091102146393244e-01,9.937054926588306802e-02,-3.860586719530056943e-01,4.946259932176721996e-01,-7.489253602530372422e-01,-5.765836820794900675e-02,-2.882988819110687828e-01,3.171903347670763651e-01
4.191185546806701190e+00,1.869585422403452490e-01,5.811640953858443481e-02,3.907714671793953709e-01,3.471191530950881177e-01,-7.405592948094574801e-01,7.531479514354733062e-02,-3.407187113464198447e-01,3.974906456541615896e-01,-6.969168605610728262e-01,-1.011258907077490221e-01,2.345004970764164032e-02,-1.201722002899618946e-01
4.082835053722185137e+00,-6.879787067129816691e-02,2.416152253135332995e-01,4.308195642502874456e-01,2.615370764029381068e-01,-5.299901231513974853e-01,-1.805810770965405876e-01,-6.996861833568901456e-02,3.579377236142078367e-02,-7.702932874947480135e-01,-5.195048538562863083e-02,3.936554443423079253e-02,9.621733236793206245e-02
4.391135798441734295e+00,1.013863497712859107e-01,1.631207443539937074e-01,5.087692110655199773e-01,2.198985937124198209e-01,-4.367514360561162157e-01,-2.669608797651126242e-01,-2.813835688942163404e-01,9.052247190039830471e-02,-6.314309881714449402e-01,1.707238678404632282e-02,-7.432556897511366500e-02,1.640135933761971421e-01
4.513517803642026038e+00,5.180885562665160649e-02,3.139942381598292975e-01,6.301984368059758701e-01,2.182694891393197612e-01,-4.205118897544464218e-01,-3.669201576479275140e-01,-3.970931256420529021e-01,-1.105850155647190025e-01,-5.254311506798422515e-01,-1.880166803769950379e-01,-1.054764190501598087e-01,3.417945836550818628e-01
4.381788842520912830e+00,1.761336096600802925e-01,7.389083080154930094e-01,1.083334076908850641e+00,2.743148443073137877e-01,-4.593983022857202059e-01,-4.258019664722212383e-02,-7.033714866810130140e-01,-8.343250486053876980e-02,-3.958818737360775275e-01,-7.672598020390342111e-02,-4.261537828083995505e-01,4.287354544171932957e-01
4.661303329276949015e+00,1.154366442711829421e-01,2.826460987406309577e-01,9.359966163851636267e-01,-8.205110743416454966e-02,-5.537422747943490098e-01,5.008964428388475998e-01,-8.618938155474299423e-01,-3.286162913120611595e-01,2.480465391129282882e-01,-2.702797488216009958e-01,-7.617902749472926782e-02,6.388464782143821186e-01
4.301106604677064738e+00,2.373413181548666984e-02,2.869168623164144449e-01,8.574851445855440346e-01,1.600997998061188810e-01,-6.380888508364257472e-01,4.464610786286653532e-01,-5.353990731060898067e-01,-1.418287682328556176e-01,1.354768957649552519e-01,-2.593581984464981005e-01,1.102122544472263765e-01,5.799700671472682867e-01
4.131570959387536490e+00,-4.601794369415745933e-02,3.119330869666434580e-01,9.839114115619143064e-01,6.139170117693093509e-02,-7.040547455561239065e-01,3.696230425947852893e-01,-5.195315450923324585e-01,-1.320379580036719069e-01,2.370763602393547442e-01,-5.966147428641934702e-01,4.813911314298402466e-02,5.827019660193453188e-01
3.124577947721780102e+00,-3.624889191570699332e-01,4.117737751957548653e-01,6.502765776161569811e-01,3.974577570940014404e-01,-3.489023355527471892e-01,5.399353835315423566e-02,-3.329746358412393192e-01,-1.713217232958124114e-01,-1.308357739615748638e-01,-4.732499192014348877e-01,-3.874138678788940915e-03,2.615387976407387294e-01
2.588257789404227793e+00,-8.758948897536260603e-01,9.282596679127332884e-01,4.691813495197187933e-01,1.851547914624309676e-01,-5.386691791558644304e-01,-4.596971561932619021e-01,7.350325951104874633e-02,-3.632102130456313915e-01,-4.815588065153907360e-01,-5.016103460811243142e-01,2.076731585514167699e-01,2.601333756907640016e-01
2.698984855197212429e+00,-5.248173412091885481e-01,8.879458139851370557e-01,8.037689519382795744e-01,1.210618396171951883e-01,-4.933619914626108383e-02,-3.141283544156592278e-01,1.820177494668510088e-01,-2.771731459266276731e-01,-4.263091687636333393e-01,-4.051806294951014742e-01,6.751494753388787018e-02,1.834453446285071454e-01
2.331157597633079170e+00,-8.146960296866705420e-01,8.742884593474080646e-01,7.303209599280460207e-01,-1.073748643816478943e-01,-1.690269360738110294e-01,-3.315240679839447369e-01,-7.025239658892101779e-02,-3.395865461275162644e-01,-4.557215970388289739e-01,-1.302107019587834813e-01,5.187038677582752610e-01,1.187806434578030368e-01
2.599404789331310361e+00,-1.172432869153932522e+00,5.206700056512567620e-01,3.230936173890970320e-01,-2.466809891312777836e-01,-1.992213727418228331e-01,-3.821599480439024088e-01,6.955678073524029781e-02,-1.220101353972311564e-01,-3.187558804551610669e-01,-1.616219885939761403e-01,4.642603167892869198e-01,2.135750523012501789e-01
3.318371424344404463e+00,-6.455005024232072230e-01,8.452964893614220987e-01,4.271696680805050494e-01,-3.361928275783012676e-01,-2.767681777632735596e-01,-4.381355177407686430e-01,3.617935425376728187e-01,-9.049688268801647784e-02,-2.954900881059618900e-01,-2.927081354060552254e-01,3.800418307950412800e-01,2.483998516730363537e-01
3.377497468703830386e+00,-4.397706723349297242e-01,3.998565018388222647e-01,4.185161864808482068e-01,1.306383565080904141e-02,-6.233401453285591920e-01,-5.017964564615307044e-01,2.437254742802975604e-01,-5.243390788338553321e-02,-2.913146028538693422e-01,-3.111363851359016941e-01,3.360304319330580380e-01,4.611513085388749267e-01
3.560034048612688018e+00,-6.391072818928660304e-01,8.753401460931842237e-01,5.054932226150790076e-01,4.791737382851346538e-02,-6.674097503975400247e-01,-4.746721294071020170e-01,1.818528714949303460e-01,3.053747509367399360e-02,-4.243253140971470216e-01,-4.454497409268023400e-01,2.420909268294838546e-01,4.061420314803968479e-01
2.923394015019721959e+00,-4.036581749426295662e-01,6.126358279341019841e-01,5.850110091022586722e-01,1.870026624385556779e-02,-5.702355581318334643e-01,-5.668974395644648112e-01,2.447285591720821385e-01,7.152301062982896473e-02,-3.432331109735500818e-01,-2.752979474337672317e-01,-1.077181101509407934e-01,4.527396991803445681e-01
3.113612821811765574e+00,1.276403228823779212e-01,3.432221948349969409e-01,9.511409647031709991e-01,-4.161814327380475298e-02,-4.743714499712192723e-01,-6.209816604984681465e-01,-5.619227567736295725e-02,4.919173301415169508e-02,-5.454287336070179348e-01,-1.804868831887815883e-01,-4.053184596380975391e-01,6.909572005915436410e-01
3.617440499969873713e+00,1.175848047819443298e-01,1.287871381900878021e-01,1.397597066336789595e+00,2.637881964403840929e-01,5.539954199778818200e-02,-5.665877570351727233e-01,-3.108350572496130226e-01,-2.853772651455309672e-01,-4.942975178008637283e-01,-1.293308686048683098e-01,-7.619635492461541704e-01,7.081694358753672924e-01
4.221421265235105302e+00,3.518125583626918740e-02,9.049867285845800691e-01,1.308324785135116741e+00,9.061153714208258769e-02,-4.861753165343698502e-01,2.959103211388123267e-01,-5.017853572647301696e-01,-2.915477435043201115e-02,1.056083274970348596e-01,-2.761835924516182761e-01,-5.681058729985127842e-01,7.897515220382047563e-01
4.398881080529839060e+00,-3.043934773713123931e-01,1.123892843120632090e+00,1.428359805662524185e+00,4.510571185563325702e-01,-5.112966407703689597e-02,3.921175054504366653e-01,-5.547968214649456886e-01,-3.318270199690186439e-01,-1.019267198695494869e-01,-6.234427981615027203e-01,-3.217180560412814527e-01,7.376403020638335750e-01
3.035944414545378667e+00,1.042580059229123002e+00,4.152668865099524709e-01,1.111570563178625237e+00,6.765177144165634981e-01,-2.808601862669499738e-01,1.175304390502995844e-01,-2.477573535726649290e-01,-1.000909674744114852e-01,-2.749665855686617144e-01,-2.969776835928656933e-01,-2.924019120724598020e-01,4.491330323039551820e-01
3.000643339922152819e+00,3.623560354699670860e-01,5.005006653571217878e-01,1.650686967182756648e+00,5.124056541527073350e-01,-5.610055518523879847e-01,-6.422570859057319392e-01,-3.615743765472048121e-01,2.675028180069674577e-01,9.112284110394497372e-02,3.744722785977450119e-02,-4.551740263273934550e-01,5.372222762362879322e-01
3.515001186859504578e+00,2.421517512998372368e-01,-1.092695436503456907e-01,1.165049997467011655e+00,-7.678377409384928853e-02,-9.615945189590797693e-01,-4.299395647217196803e-01,-1.807219419341534739e-01,-1.967927121003104629e-02,-3.880070986449691839e-01,-1.003016889482480911e-01,-3.253559541672846889e-01,8.947772537603611021e-01
3.924517850094948024e+00,5.011400883812622276e-01,-2.146208570557484041e-01,8.527157188157681311e-01,9.791391874387223027e-02,-8.784336583474674498e-01,-4.686732017952190965e-01,6.516566384683564195e-03,7.535070529459508837e-02,-3.177653044682604566e-01,-2.640363616506766764e-01,-2.154012211812112998e-01,8.518992580574483720e-01
3.723967032531657395e+00,-3.894680813748307990e-02,3.527405738624382892e-01,9.536273283509446586e-01,-3.174280124817350224e-01,-6.104604642496340716e-01,-4.271928757302803081e-01,5.516475995956593437e-02,1.019454393271484460e-01,-4.818055243280036093e-01,-2.063774224485881437e-02,-4.841253779010112890e-02,5.892538873290608104e-01
3.580263714021270527e+00,-1.818356608798090690e-01,4.771642818109929074e-01,7.385367271346860996e-01,-1.804993066401039403e-01,-5.096954384785667980e-01,-3.882964090116514111e-01,-3.076997901127798141e-02,2.552448008159052817e-02,-3.288786687500792061e-01,1.453237469428620976e-01,-1.707216037708148004e-02,5.890134519661154311e-01
3.764649071192673446e+00,2.148796110956783245e-01,2.140763611404672417e-02,7.110725831164126376e-01,-6.087352078766539165e-03,-7.986959752108553356e-01,1.548641767160391369e-01,1.197408586563780686e-01,-2.235334524239115384e-01,-2.977407660588361482e-01,-4.218736931304101212e-02,3.207829328671546465e-01,6.454157549890400247e-01
3.175636240948783939e+00,8.234204091242416368e-01,3.467232824268262625e-01,1.302633981572622890e-01,-2.509028540321167622e-01,-5.761889061960483449e-01,5.995507586793572541e-01,1.764020769083456397e-01,2.199737732608852969e-02,3.363883249211888082e-02,5.213916568019905107e-02,4.446471156997422458e-02,4.960763892006417874e-01
2.516351238064505225e+00,5.668161132764688581e-01,7.501490453803594249e-01,2.160175346191193224e-01,-8.786424030619954806e-02,-5.387672377339922658e-01,5.102261763449615906e-01,3.335909395162421909e-01,-3.402798371727966398e-03,2.542487562007497148e-01,5.656821820513074917e-02,-7.539399124552392806e-02,1.729259934762393813e-01
1.972024690523356938e+00,4.027658624024286205e-01,6.084895867607755804e-01,4.278656613604889802e-01,2.802553933762610416e-01,-2.852251412072287495e-01,4.828693027766260970e-01,4.490702650666122953e-01,2.710879361846007529e-01,2.438356557487003640e-02,-9.550442214647708594e-02,2.430638963728604107e-01,-1.750408661810542998e-02
1.796409086235317254e+00,5.381252516632242244e-01,4.645337417452566342e-01,5.368832544548942654e-01,1.287514079418450308e-01,-4.754511169027424433e-01,7.487610331730988333e-01,2.091789961162443534e-01,1.789066077951617095e-01,-1.081188655589434000e-01,-2.604136560562494984e-01,2.014048102817137531e-01,5.643429466409016770e-02
1.632706223739188056e+00,5.601381104462641591e-01,3.865184456850978556e-01,9.564368494864450287e-01,-2.747473213732654074e-02,-3.382609449575714189e-01,1.038449480066412134e+00,4.159625900625314454e-01,3.135365870755039142e-01,-9.963243604379470875e-02,-1.766027901005122192e-01,-1.860445652019098728e-01,1.733066183417025785e-02
1.894300315148065517e+00,7.182154646457756808e-01,6.007675929917817292e-01,5.412643627028375093e-01,2.765076315604830803e-02,-5.993680168485713278e-01,7.615224371587225871e-01,1.475448839247855415e-01,-8.605709136701344963e-02,-5.726577165923876778e-02,-1.733194115751922060e-01,8.676540339313076888e-02,3.101641755982670334e-02
2.190331957644783500e+00,7.327292186676814811e-01,6.793238299172457140e-01,3.525877311372660472e-01,-4.010215807588675130e-01,-3.471598325115322625e-01,3.975649509525099878e-01,9.732364103012125511e-02,2.476818514759754342e-02,1.592402182771792407e-01,1.053356684659088049e-01,2.243043512835403153e-01,2.678973672184691290e-01
2.851987027063077385e+00,9.222523079627444886e-01,3.126112256218593899e-01,4.107705397596999042e-01,-1.531089520604842491e-01,-8.697034599611017658e-01,1.700296375323749887e-01,4.714165353694368399e-01,-1.710428417939948709e-01,-1.955672336451717286e-01,1.660062217118506989e-01,-3.953239405685815555e-02,4.044218817587757475e-01
2.738758526411311234e+00,1.517372160153662719e-02,3.230470577310973201e-01,2.292817693110014154e-01,1.166028454622585198e-01,-9.331019292890345707e-01,1.650219085019544174e-01,-5.781776436495944527e-02,-2.696630208531543005e-01,-1.667111929969267714e-01,-2.612269400976752198e-03,3.072443295880050718e-01,2.979604587897923818e-01
2.929645146597783967e+00,-9.740419233988606429e-02,5.703176015784905406e-01,3.806328477295588542e-01,6.931099344470004198e-02,-9.636254092428466755e-01,-6.062451712315863883e-02,-2.713982567083967901e-01,-1.817703561697120995e-01,-2.826397350628254146e-01,3.587842605156072451e-01,3.196276174994743258e-01,4.164980344346269625e-01
2.777277532951635042e+00,3.195175074907319335e-02,5.515217109583205879e-01,7.375379119053224741e-01,3.916657914216779002e-01,-1.102814050545894320e+00,-3.009197112680057629e-01,-1.880341649007164495e-01,-2.271525584304623369e-02,-4.015004622450812910e-01,1.717026213736588258e-01,3.091979091735986840e-01,4.847022670979427295e-01
2.616429575722089673e+00,1.554427591176044121e-01,4.763797092831334457e-01,1.168316765597686047e+00,5.077478156856387592e-01,-8.627571921065471106e-01,-4.276879319297954840e-01,-3.437530034517751742e-01,1.717977566118856214e-01,-8.683924955604893636e-02,1.752092333021524895e-01,5.760400818432310777e-01,4.423412574355921056e-01
2.899578913735943786e+00,-6.027787271675100200e-02,2.288265501529127555e-01,9.122617332994631401e-01,3.927215771958716406e-01,-5.810550665141902549e-01,-3.377782453911831739e-01,-3.154050680437302523e-01,3.515608674890480234e-01,-3.169624171441453586e-01,-1.591356207730759142e-01,5.873713188847625721e-01,2.530324385041934354e-01
1.604317479539574265e+00,5.967285725226514348e-01,-7.865208239827925496e-02,6.321411066862041572e-01,5.290296036118248280e-01,-4.001613822426879352e-01,-8.399904803112390184e-02,-2.723666188837803315e-02,2.381070879619553438e-01,-2.549523839945595505e-01,-3.819543480210951247e-01,3.377219089533370910e-01,4.255362209739547708e-01
5.632204687184076963e-01,1.772006017587502091e+00,-3.557126112457356104e-01,5.061768072324646095e-01,6.248123433312366970e-01,-4.255704083737755772e-01,-1.781242033217738663e-01,5.839533789797158869e-01,3.871921021118279738e-02,5.867951265709958619e-02,-2.963837958262600658e-01,1.102901510155766540e-01,4.412316104802869732e-01
1.144529866512129512e-01,2.092549613469404601e+00,1.188866310778929902e-01,7.520351905771252010e-01,8.006083175443525768e-01,-1.109177610557121607e-02,3.863590725769727729e-02,3.444289152399792053e-01,-1.919458078960821767e-01,-1.652254352662111403e-01,-2.881638098689629501e-01,-5.823110919211771375e-02,1.754274314922215083e-01
-9.133160623048364180e-02,2.254043630379383156e+00,1.231963812835974448e-01,4.956460343594395468e-01,6.705280045529421473e-01,-1.992876323319160425e-01,-2.967688820556371732e-01,8.967785792236460107e-02,-5.750250054743064609e-01,-7.187581430991083487e-01,-3.292482939027555622e-01,2.703439313017896861e-02,1.354388192944074865e-01
-4.987091255285520663e-01,1.793043010302842077e+00,-2.070190672686325062e-01,4.523729432130818573e-01,5.209350013769571408e-01,-2.909730696652940152e-01,-3.868377213639567769e-02,-7.741287770797289358e-02,-4.550434803257643046e-01,-2.978345730812196890e-01,-7.997024308204320198e-02,1.075376440347941553e-02,2.772018581569724582e-01
-2.647741684482833868e-01,1.944092290488518060e+00,-7.931599943004430386e-02,4.344114422165762379e-01,5.308373646657876810e-01,-3.976958315583595249e-01,-3.684271024007403916e-01,-2.453804809309301227e-02,-6.291986642376841132e-01,-6.913072880046142732e-01,-7.396577474707727307e-02,1.627661728172040134e-01,2.810016631677232923e-01
-8.442046542697345668e-01,1.614897165954581437e+00,2.294705810916606303e-01,1.694631369273507104e-01,2.008242542440492606e-01,-8.118615708630350092e-01,-3.053857500716172790e-01,-9.048223483124739897e-02,-2.820529128799167395e-01,-6.236931187617316130e-01,1.783135084815729576e-01,-6.678180942025258027e-02,2.017821556329973953e-01
-1.090758116263058186e+00,1.105525705422305771e+00,1.262293724842624698e-01,1.997536196796843022e-01,1.194240133442673324e-01,-9.048850863065811545e-01,-1.420720506210393363e-01,-1.803579844033043056e-01,-4.526619794580746259e-01,-4.824551042636029963e-01,4.936890974649316144e-02,-1.664019568449881525e-01,1.450822586965505034e-01
-8.722477133457706699e-01,1.051776296319909543e+00,1.707399431021432434e-01,3.074411929788194442e-01,4.669229445775168186e-01,-7.446010769788845574e-01,-2.330430787328602316e-01,-2.183566561211807144e-01,1.413917794878350453e-01,-2.668194756568969539e-01,1.054888723289599817e-01,1.649131119181457827e-01,7.847553681078939247e-02
-1.199184930325241094e+00,7.501942033226554063e-01,6.127281191108346903e-02,2.269523496044207889e-01,5.483983118215167707e-01,-2.858741325628144647e-02,1.453058905646305021e-01,-3.559167809761574208e-01,-3.429829098784581420e-01,-3.769081062422972583e-01,6.094276103226548003e-02,2.602236288781977769e-01,3.804437375303415525e-01
-1.592070276585612509e+00,6.118637394076860136e-01,-6.524719201707185334e-02,2.303570204614067141e-01,-1.165056439754083017e-01,-8.995736201688830924e-02,1.671363136038519492e-01,-7.608302856034270256e-01,-3.050884955947403832e-01,-4.925014341493041403e-01,-1.225003972341660030e-01,-3.275070477819195247e-01,2.411180611877076774e-01
-7.051223165608764276e-01,1.128162457152173115e+00,1.219019780708527900e-01,1.658182663526599487e-01,-2.208222400952515319e-01,-1.238210766216190084e-01,1.716709842352068804e-01,-4.849379171824320656e-01,-3.183409788968841747e-01,-5.601935125971952978e-01,-3.661663743702682772e-01,-2.945834990303098921e-01,2.270453979327943239e-01
-7.406092634502980943e-03,1.464433693421194782e+00,3.644246704756227695e-01,8.404518306796673333e-01,4.159082621517689038e-01,-1.666714653902083842e-01,3.045493033109892833e-01,3.246984813312664420e-02,1.254424909265139942e-01,-5.667436228815827537e-01,-2.478501037815206143e-02,-1.247673221005832223e-01,1.666382834911483979e-01
1.133476553654630736e+00,6.376058801840496226e-01,4.271774926155753604e-01,1.040333103016785277e+00,8.091553077732589472e-01,-3.667252596663095332e-02,4.832066777471164531e-01,-1.743829950599400380e-01,3.529387713468680188e-01,-1.491734882150838049e-01,-2.278770190940251350e-01,-8.381848572308081557e-02,3.350856157058108575e-01
2.698667229730534523e+00,-2.868919703361094697e-01,3.430700805682198595e-01,1.697177286240006744e+00,5.183337349501377922e-01,-3.904297035281361072e-01,2.716910392264867413e-01,-2.187533898382414410e-01,4.643154715074371275e-04,-2.649706142543611365e-01,-1.054421067552405722e-01,-6.578061752803743278e-02,5.923709756053566755e-01
3.274197658986674142e+00,-7.360804600853909641e-01,5.089070050151218716e-01,1.868414689690102826e+00,-2.227299583066333355e-04,-6.593871351726261487e-01,2.272383156923577507e-01,-2.887463150815480217e-01,2.545048902457669460e-01,-4.075276688901310340e-01,7.890177735586079155e-02,3.785376667703818088e-01,2.218483622442676273e-01
3.281569789782187829e+00,-6.684882064567649884e-01,8.162803530096747195e-01,1.654669382547675927e+00,-1.985074026158410998e-01,-7.967294136577955932e-01,6.833001834563845467e-02,-7.095690190176395795e-02,-1.444609511956607140e-02,-1.913815421303253217e-01,9.696185001786694624e-02,2.787948311566025295e-01,3.974529835211961792e-01
3.397580088982717683e+00,-4.332367438854165531e-01,7.117615745990519827e-01,1.450309855753389998e+00,-4.524576107153059912e-01,-7.024570361036703847e-01,-7.588948279184526413e-02,-1.781725587024007851e-02,7.409852752243262231e-03,-3.029847890857611525e-01,2.192219784980311559e-01,3.563287604411780052e-01,3.857855877400687694e-01
3.355489097415560451e+00,-3.874618979767630034e-01,8.538270974368820099e-01,1.149809015708919357e+00,-2.459027129224702346e-01,-7.726876630681007718e-01,-2.347781299832967239e-01,-1.073016637259422978e-01,-1.735015009075391301e-02,-3.195797824905865503e-01,2.277483281601692111e-01,5.074090480403539161e-01,5.791080652010371921e-01
3.310590832523132576e+00,-3.837008946130895382e-01,9.104071531390949268e-01,1.247017081258050997e+00,-2.027961107670555041e-01,-1.083191009892073176e+00,-5.063778234819990010e-01,-4.119574010052038382e-01,-1.464368359127211638e-01,-2.520782640604500302e-01,2.584394555847560060e-01,6.978588765595945542e-01,4.163940800855128188e-01
3.326311473386004192e+00,-6.318024408370721545e-01,8.175157593086415098e-01,6.030518671314459844e-01,-3.531394335907551696e-01,-7.369801134493418893e-01,-4.172673629818530738e-01,-5.248761757296906971e-01,-2.237500297039982100e-01,-3.940964051082017638e-01,1.401554554572019828e-01,5.288598027814291891e-01,8.693431265595358282e-01
3.568558198989395969e+00,-6.267123167879304901e-01,2.750154907593953535e-01,3.572963620201015100e-01,-1.929286235513936187e-01,-7.321499947987955004e-01,-2.803021300942140082e-01,-4.002034945366156338e-01,1.707288120132107734e-01,-2.739380053643987178e-01,4.495794623998028428e-02,2.579040356793527167e-01,9.901228574083548173e-01
4.418215806509241617e+00,4.426144593456138310e-02,-1.384336119243037011e-01,8.356514989348580169e-01,-1.643762747808841240e-02,-6.588641586600716415e-01,-3.861082937322546371e-01,-9.667179345996275153e-01,3.932835611035301326e-03,-2.719708159394742530e-01,-4.698434000547480061e-03,-4.250072709390262382e-01,1.600838783041579338e-01
3.645942030799086631e+00,9.241976812092085325e-01,-1.720355265401587452e-01,9.852167572166594667e-01,1.997249791098281158e-01,-7.886141791656517963e-01,1.190097598666078893e-01,-4.328495334179986997e-01,-4.740229399193597315e-01,-6.068441069324796988e-01,7.471124475100354712e-02,1.110209783153462970e-01,4.520869871911620264e-01
3.180850482265886292e+00,9.534491663195505673e-01,-4.162864626231104204e-01,1.047416428443461722e+00,2.737837813913459595e-01,-1.015115672164718319e+00,5.350236637401861728e-02,-3.657179340951912661e-01,-2.837313020308515066e-01,-4.315465322348748245e-01,5.136530592156030028e-02,-1.457966884542927222e-02,5.716196079831369348e-01
2.623394635820803789e+00,7.348360799423097056e-01,-5.043601824169630099e-01,1.084734068689116926e+00,3.154381023392616168e-01,-1.139612572807717328e+00,1.083989869218084934e-01,-4.783126367539083379e-01,-4.852534574392532996e-01,-6.209717976770688930e-01,1.471770164071013465e-01,5.498749721037587967e-03,4.282490730120459554e-01
2.678277530945164298e+00,6.435602925367871485e-01,-5.891252624970397811e-01,1.189437223642602515e+00,1.174858487749423919e-01,-1.221524407145267332e+00,-2.681436076723708872e-02,-1.971652825514521590e-01,-2.674484630047516687e-01,-6.974864819216298750e-01,2.053875200013034474e-01,2.678713717672844830e-01,5.963023103689638615e-01
2.702467717606699349e+00,3.706960328464501409e-01,-3.823623347154097019e-01,1.234942177563275623e+00,3.586793525938232197e-01,-1.047976417342406430e+00,1.258035449166037267e-01,-2.491416362465179724e-01,-3.982521799283711417e-01,-8.115682774530522670e-01,7.531630416125778549e-02,-5.750758330456140488e-02,7.010433771799208236e-01
2.232480016981473359e+00,3.145210615590769976e-01,-3.195791209876435168e-01,1.196342018447645872e+00,3.654543940652987821e-02,-1.325215752608194242e+00,1.258812619624511964e-01,-5.511152203231024505e-01,-6.284106408340557337e-01,-6.894883256372728031e-01,-5.838159535866771499e-02,-1.380520765777137893e-01,5.640221907517737332e-01
2.766613381447445175e+00,1.015563960732884574e+00,2.920527569866255835e-01,1.054370146073590586e+00,7.608124948508776519e-01,-1.957897735422677865e-01,2.594096806989411030e-01,-3.095522079657403447e-01,-1.536209049123399284e-01,-3.725025201388116880e-01,-3.280579689984651770e-01,2.056448086239204276e-02,9.390242313380375849e-02
3.849599110939642799e+00,1.037232190674165722e+00,2.833964093329883749e-01,9.383874147123729692e-01,6.637327704767546077e-01,-2.251856183458404992e-01,4.337672078673346920e-01,1.129375806149486294e-01,4.950170488929073187e-02,-3.080256108533001580e-01,-1.468784281721677853e-01,-1.866727707054904872e-01,2.812817172265199561e-01
4.945128657493696345e+00,3.629258582414287559e-01,-3.180403597954808426e-01,-1.611692584285642216e-01,2.916952417705014344e-01,5.506717679032226975e-01,4.922836592255805943e-01,-2.709089915926270464e-01,1.037506562431010915e-01,-3.561397398997823149e-02,5.104952981726000871e-01,6.764419979269542527e-02,4.885574656698883356e-01
4.391040355881219881e+00,-2.773759157518940199e-01,-1.420978284749961906e+00,-3.577035554403795725e-01,-3.786248011085979748e-01,2.063428867608840811e-02,6.012071254885282823e-01,-6.420499562121965154e-01,-1.427113062354211648e-01,-5.508494433772690435e-01,3.861946579274423419e-01,3.896239741716056582e-02,-4.406270889727621487e-01
4.376659142213577880e+00,-1.300539821557178399e-01,-1.070315524336986179e+00,-2.930357792183246879e-01,-3.859781867715674775e-01,5.095017783734772099e-01,2.613367908180079802e-01,-6.467113379006079743e-01,3.435765635961396391e-02,4.479101755662218132e-02,1.759878665865862724e-01,1.321334766073871680e-01,-3.142653623747313496e-01
4.025213520747294993e+00,-2.117289645153954680e-01,-8.632289808772384276e-01,-5.386225591564106630e-01,-8.548841264667927931e-02,3.026825740453251701e-01,2.965442001279925410e-01,-3.702100331490588703e-01,1.432374768516539998e-01,3.857703586525406125e-01,1.171157858514059180e-01,-3.367860924391070654e-01,-3.988441521392803724e-01
3.519240127300599319e+00,-4.707199832986197485e-01,-1.774818498040595660e-01,-1.055430680756366479e+00,2.414972254523695128e-03,4.880867644323372279e-01,1.330482408462019261e-01,-5.145933929298363019e-01,2.177428506092348170e-01,4.333074495584536834e-01,2.373931745179278519e-01,-4.420262684831408606e-01,-5.435429265921409847e-01
3.511317073428217306e+00,-9.270354570343148914e-01,-3.582325473767415946e-01,-1.011741117766189468e+00,7.791048219355678484e-02,8.777003645254903841e-01,-5.317123156528380523e-02,-1.950609371336634590e-01,6.001166848514616348e-02,8.597743056491150004e-02,3.486650222608400629e-02,-2.879438182144927749e-01,-3.126350704691961413e-01
3.369457151060267108e+00,-9.253115315495568094e-01,-5.674551876975320042e-01,-1.087510302818143648e+00,4.497204893696764572e-01,1.058365238829391819e+00,2.371247833441655350e-01,-1.655287381888456144e-01,3.160340760958534334e-01,-3.471421548772870569e-01,1.832640621768056866e-01,-4.242146090622854748e-01,-5.434981525776824141e-01
3.437605780387855692e+00,-5.360225471811137510e-01,-8.082846212769303484e-01,-9.015544475355216081e-01,3.241900407567082087e-01,1.432305415027464113e+00,3.705910549536838294e-01,-4.200032671932887318e-01,1.543910074443036740e-01,-1.909495092341667033e-01,1.330574642268230745e-01,-4.824176915587863324e-01,-4.587856001918431681e-01
3.676465203336173104e+00,-4.331638992492636842e-01,-1.100636535213054268e+00,-7.397704902279890193e-01,4.311116597914590454e-01,1.101192679272992692e+00,4.701750915558908783e-01,-2.889242619075031993e-01,9.413140700308786357e-02,-2.656426801287276040e-01,-4.401003903675881901e-02,-7.084517737109209401e-01,-5.764571301096124145e-01
3.433599842378173062e+00,-3.679749387348338896e-01,-1.330270696704906275e+00,-5.582293636714257268e-01,2.259838713672357446e-01,1.072188748576364148e+00,6.632419134200393529e-01,-4.261120815101517856e-01,1.148420080524651943e-01,-2.993463866165383958e-01,-1.834268859947283392e-01,-4.133229150074123615e-01,-5.516085324337360873e-01
3.818424219627981842e+00,-2.753382740941088258e-01,-1.012717348005126583e+00,-7.795693341385306896e-01,8.252789591751730214e-02,9.155741540525481614e-01,4.823963351483973039e-01,-5.506396147121567219e-01,3.619932705364156122e-01,7.973411216614101349e-03,-4.381325533358604307e-02,-3.163113456473400920e-01,-4.831852548384787949e-01
4.143235005723502340e+00,-6.952177653943576452e-01,-8.197578525991087162e-01,-9.617580081641426970e-01,1.030983281970088150e-02,9.390261729006428304e-01,6.960331960884227342e-01,-4.520245233322868206e-01,3.929067274782680474e-01,2.795909756243336597e-02,2.326401743907080544e-03,-2.181228017044615219e-01,-5.738712932971604674e-01
4.883234859577011200e+00,-5.180794885838231334e-01,-8.250141104202528552e-01,-9.121544710775311149e-01,1.727777759140332048e-01,6.613001270747778104e-01,3.272118077431329652e-01,-5.019067873474964969e-01,4.903590788771349240e-01,-2.509929759062867749e-02,-3.426466402701457969e-01,1.659477346065215686e-01,-4.418436752799956846e-01
4.936922561195199677e+00,-2.443940879919628273e-01,-7.400599178301190406e-01,-1.009273321563222803e+00,1.202502206517779282e-01,7.168920818859338961e-01,5.123815842518062436e-01,-4.942983373034519623e-01,6.723895366323793255e-01,-2.667866237930859308e-01,-9.840167797915244652e-02,-3.855196462682053404e-02,-5.160646377200314161e-01
5.436300840842207549e+00,7.191551188279632356e-03,-6.585327489853685101e-01,-6.822325750176569947e-01,-1.486697065726543254e-01,4.961231030852777391e-01,5.580976676311759643e-01,-7.214588561658863419e-01,1.345643004701307932e-01,-6.331710388713094328e-01,8.444475483619551248e-02,-1.017935554183272417e-01,-4.112546849208649213e-01
5.229051533091514159e+00,6.654316631872765342e-01,-8.142398374732162658e-01,-6.175237995120701484e-01,5.014855336152728160e-01,-1.537232680646896110e-01,6.193657474482305858e-01,-8.651426812876632511e-01,2.933190873921903696e-01,-7.007903115118072623e-01,-1.377390131198253931e-01,2.830737350844049205e-01,-1.423017297503290646e-01
4.868027984894455429e+00,9.007336360437419032e-01,-4.134626251209980730e-01,-7.897964067487137640e-01,4.436177075302369932e-01,-7.886754244559446292e-02,6.819454043684758382e-01,-9.581865237477997788e-01,-2.574808648714218551e-01,-4.705831527833760353e-01,-1.601321602546430523e-01,4.383571279529141496e-01,-1.525399484454259547e-02
4.458818803100437655e+00,5.276157055609878022e-01,-2.730780633027025672e-01,-2.733805749706947896e-01,5.822010276212892244e-01,4.553109350194508576e-01,4.652456668781157489e-01,-1.154277926690434608e+00,-3.224783884147828239e-01,-6.981102386463075016e-01,2.901207856917047412e-01,4.307036619063405736e-01,-1.503992920324447313e-01
4.773895725459869510e+00,5.730293519617468689e-02,-7.744302725028231471e-01,-7.204451722141911318e-01,7.521159333082247933e-01,5.088285998047075154e-01,-2.062005873820478286e-01,-3.329735934110941153e-01,3.573114943615205430e-01,-2.469485644079858488e-01,3.118614734390325882e-01,2.324431195943609252e-01,-3.938811717045673788e-01
4.279204909419780378e+00,4.324329929145522833e-01,-7.767045261157319302e-01,-4.009171622517344602e-01,6.149821130774957290e-01,1.298439961727375636e-01,-1.667832325248899128e-01,-9.996575548878908757e-01,7.307555587391365570e-01,-1.631843706171720587e-02,2.088156447833885432e-01,1.595512993502674615e-01,-4.090373487892949855e-01
4.299381773351731439e+00,7.045018739110315842e-01,-9.756169787059607579e-01,-1.769048198677780626e-01,7.096972188091605904e-01,-2.434620095391901717e-01,-1.410991823072502704e-01,-7.340303522582151130e-01,5.033286386915750699e-01,2.332578716959623488e-01,6.360181385376195706e-02,-2.961704424252568080e-01,1.484616319259718376e-01
4.174683412905125124e+00,7.057716264309132903e-01,-1.120156976982058517e+00,-1.104827432553414646e-01,7.731965442396862009e-01,-3.504304557422793787e-01,-1.278066362603333950e-01,-2.804149032250371487e-01,5.043204827929729239e-01,6.066337138368055326e-02,-5.294099422985110159e-02,-5.407346855017379772e-01,2.344217255832983238e-01
4.203474803931964487e+00,7.421468779405140381e-01,-1.209814733602618819e+00,2.726586656654639285e-02,4.634029845022429317e-01,-1.622089999358551360e-01,-9.756043346084486423e-03,-3.725570067160119958e-01,5.781468986017553879e-01,1.161030707784788674e-01,-5.077440152382957095e-01,-2.589509844541750816e-01,2.106113774440111497e-01
4.191745998111395366e+00,5.238530054075436482e-01,-8.143687217769937092e-01,1.118110247717076788e-01,3.740423600026212547e-01,-1.894576304453283733e-01,-1.642029822146267026e-01,-3.384038524286991922e-01,1.840224409882157408e-01,-1.656900181876621025e-01,-2.843922899238844337e-01,-2.978124866210418720e-01,8.990134800219373723e-02
3.248852534306332362e+00,6.062890498698307873e-01,-1.176325403219836030e+00,3.978706254511661378e-01,6.052929503243289489e-01,-1.893294606975952643e-01,4.731460350189120589e-04,-3.881399775729381663e-01,-5.128933333839902353e-02,-6.135977409198186683e-01,-4.152066376707825857e-01,-1.189674706410198679e-01,-2.928331079297794570e-01
3.234228954614603246e+00,8.891829639420598674e-01,-1.380364584535010319e+00,-6.618503119720409167e-02,8.917627695502470253e-01,6.700065108499186906e-03,1.826271738905564934e-01,-7.714359941765791540e-02,-2.540198298707435631e-01,-3.806027542530749930e-01,-2.242220531792193938e-01,-3.323969696298136878e-01,7.731378726432147630e-04
3.867265723803186450e+00,1.719926858442599737e-02,-1.154820880528168558e+00,3.247279375662603940e-03,6.087692982535681807e-01,-3.750377005545399989e-01,2.571749350791496802e-02,1.810884850295884085e-01,3.644920298893887800e-01,-5.593059213495483739e-01,-1.172825422130032713e-01,-3.685772678742124109e-01,-1.069834598993260055e-01
4.030454245528188650e+00,-5.646658398002597501e-01,-9.451011076110131803e-01,1.662473801198096623e-01,7.084150134200530857e-01,-6.181641198041099017e-02,7.126251863761809968e-01,2.859606859253860378e-02,1.574937275402055192e-02,-3.822091999789870576e-01,9.398989796997947455e-02,-2.105178405489669391e-01,-7.376226574190380969e-02
3.965619563823786109e+00,-2.707958748940297866e-01,-1.160153074213501778e+00,3.226926303764554582e-01,8.979079858658567392e-01,-1.448092282819681831e-01,5.056153628000430444e-01,-3.833919252759874219e-01,-1.938011084609776447e-01,-3.857798688551705713e-01,-1.589251442388361912e-01,-1.599221002924062773e-01,-3.543706615938732041e-01
3.629747658513758246e+00,2.873451782765554796e-01,-1.105059457855804173e+00,-1.434697961354647333e-03,6.396058591815454442e-01,1.391567607514103688e-01,5.933992994179251301e-01,1.602132063906938075e-01,-8.397189762240675481e-02,-3.497666452834424788e-01,-7.984021882286607141e-02,1.342899184229429110e-02,4.807981967826902014e-02
2.656219967082241951e+00,5.692863186768604145e-01,-1.635994297835238864e+00,4.837127067257362967e-03,3.290630452620642021e-01,-3.686187751197527174e-01,7.870828721450671139e-01,-3.768494448845953748e-01,-8.074927827918446654e-01,-6.056070434237460498e-01,-1.718982756931051181e-01,2.101273402360536169e-01,4.790779042076465100e-02
1.720859475993587573e+00,9.003040493236214026e-01,-1.641078386050988991e+00,-1.557496454542577347e-01,7.564833279621492323e-01,-1.944828916133591878e-01,3.239355902498415318e-01,-3.244125283844447871e-01,-2.214092863350372031e-01,-7.543927705826681818e-01,-5.362829133895088418e-01,-2.814601927534424730e-01,-2.003355332956450185e-01
9.594806347801989599e-01,9.126509370969499990e-01,-1.086916321901674642e+00,-3.255755481485766989e-01,3.386198744882167322e-01,-1.491142846725512783e-01,4.282056997163624645e-01,-2.097395373880639458e-01,-3.792902281709478185e-01,-1.502879580555487316e-01,-5.343914871752168949e-01,-1.641877543082831403e-01,8.920031058834304583e-02
2.075677089358811234e+00,1.238622855208078022e+00,-5.691317134732920557e-01,2.518606172961468381e-01,1.129036812304046400e+00,-1.870750570081864961e-01,1.900440707856865252e-01,5.872437926437412692e-02,-1.739742877828107659e-01,-6.854690816243147466e-02,5.880475177371002893e-03,-5.994101683298957983e-02,1.546334855037664324e-01
3.895648277802597814e+00,9.849267146841409470e-01,-2.137169272933565622e-01,-2.632059959094203982e-01,5.243695966378534301e-01,-1.914440110900741399e-01,-6.526552903480364876e-03,-8.365698606721150288e-02,1.974308520912215759e-01,-1.681093450887051755e-01,-4.205079425530602322e-01,-1.009784102102373460e-01,5.283757927791392639e-01
3.868045420718151384e+00,2.344526122268404400e-01,-1.764579954290428354e-01,9.258724277847685258e-02,2.310711434470511527e-01,-4.518596834833354947e-01,-1.043507444663305250e-02,-3.110953923701968993e-01,4.215710052959680265e-01,-2.228341384459638919e-01,-3.055935610492910293e-02,-1.082702464243245899e-02,3.066734402562240058e-01
3.879550518065467912e+00,-4.444278255615476958e-01,-3.467705770087965433e-01,-1.963440254237500682e-01,-1.049856745658639401e-01,-7.250532275683556627e-01,-9.085920196403707294e-02,-5.621270646759617406e-01,6.756800149429017521e-01,-3.209812997202194929e-01,-7.951663387203422584e-02,-2.609652583677352089e-01,2.191354000900344046e-01
3.561326024211684427e+00,-2.249054438312203530e-01,-2.349602215998323196e-01,-3.145664038615048064e-01,-2.268351113640243444e-01,-4.566068137776111424e-01,1.296389475046872963e-01,-6.024672974927651747e-01,5.067775403995260497e-01,-1.944186841698375412e-02,-1.436883120057926844e-01,-2.216536412345323503e-01,2.360422972706264222e-01
3.167461970566349372e+00,-7.413029879168675507e-02,1.527263452720406534e-02,-7.858266277735959093e-02,-3.319333891120690438e-01,-5.758054431611356883e-01,3.400662687992836997e-01,-5.502598330615666722e-01,3.799919670124864979e-01,-5.152735743611123187e-01,1.660127700422633357e-01,2.135065418051322883e-01,3.245123224243958715e-01
3.133544638264885496e+00,2.610579807929136464e-02,5.737343249554227587e-01,-2.063242962989377816e-01,1.185256530071698844e-01,-2.362783190100639086e-01,2.210765457269245893e-01,-2.644609311473640201e-01,-3.561922917598159266e-02,-1.947887502586240771e-01,7.606500153009454479e-02,-3.448157980526254107e-01,1.477193576137970643e-01
3.463629952941925882e+00,-3.450254293849228659e-01,9.996638127024048970e-02,2.096836180911232361e-02,3.240877448520256277e-01,-3.989885456201971436e-01,1.448511988485701174e-02,-3.600770978443358361e-01,-2.698812296813242195e-01,-2.138077498427187750e-01,5.663008175700623426e-02,-1.206373649419033578e-01,-1.399291909959679003e-01
3.722618142034142874e+00,-9.959138070374073948e-03,-9.405109017590245202e-01,2.159181136512557941e-01,3.469598641740423428e-01,-3.621509449796733726e-02,2.526204719179441227e-01,-1.962243661873949163e-01,-4.698161227057487954e-01,-2.807819278572092347e-01,-9.805226255715715489e-02,-3.669539213208486972e-01,-4.670911443988123857e-02
4.064094671635322342e+00,-9.296291772089260164e-02,-7.734979541034938677e-01,2.092740994212953787e-01,7.251250244563705039e-01,-6.615245516295975570e-02,3.873473175422592618e-02,-2.227732144381480150e-01,-1.443164545761580486e-01,-1.782001715117595975e-01,-3.777018128679283659e-01,-2.138742711821981501e-01,-1.103547590914353282e-01
3.914725410357568158e+00,1.560168018325880368e-01,-8.951065611637201158e-01,2.936721730088320825e-01,4.861708615041098192e-01,-2.377849690133950755e-01,2.910340168455327614e-02,-3.186592614820757952e-01,1.277055473089218074e-01,-5.826430560341427922e-01,-2.165934204112370809e-01,-3.331701256033909875e-01,-8.849253317162020238e-03
3.688463799820619116e+00,-2.424821265211858368e-01,-8.471738781562803133e-01,2.139141631417431633e-01,4.893541705626311966e-01,-2.588824108738068119e-01,3.000069338030983968e-01,1.334629042412165401e-01,7.022446748754707091e-02,-1.563983857770501196e-01,6.416771197939208360e-02,-3.262890594799503496e-01,-2.567786192886498675e-01
2.402910347285351467e+00,-3.231605524605649649e-01,-1.734000041795056291e-01,-1.607880006790836092e-01,4.356398463252857400e-01,1.176688183193854709e-01,4.378571864023665938e-01,1.229605781656113450e-01,-3.050009175863169775e-01,1.312923703509955020e-01,-5.961777673537893563e-03,-3.254541598340753294e-01,-7.092275393628344471e-02
1.684727362293501507e+00,-3.862092649104087450e-01,-2.194965950355260986e-01,3.330925001593598722e-03,7.974991229586145813e-01,-2.826570007768387516e-01,3.872912077933625685e-01,-8.329718368463057132e-02,-8.801853880087437965e-01,-8.099599323814832275e-02,-7.667824387836730260e-02,-4.166633265608197245e-01,-1.664886785252016610e-01
6.107912299384474775e-01,7.678455005933182420e-02,-8.687994320053893382e-01,3.357263549281914727e-01,1.029826795745992118e+00,-5.514498460915422395e-01,5.695975631804162109e-01,1.244343955578948169e-01,-6.995627987910560952e-01,-4.266345731720655454e-01,2.541802263533837758e-01,-1.745388561764376067e-01,3.856725654668073933e-01
-6.798888444142148213e-01,8.875257070035260654e-01,-7.549470395339472617e-01,-1.245133680049934632e-01,7.193843736051085402e-01,-6.512587135240659464e-01,4.501649101551356003e-01,8.322595216683104091e-02,-2.357938018827305804e-01,6.518100223494249779e-02,3.401344825554319939e-02,-2.431615256642633560e-01,6.680800095795708105e-02
-8.372703360942155282e-01,1.640308655239178570e+00,-7.621433203376544174e-01,-3.905550343607293584e-01,1.137301263401701679e+00,-5.387228430020415404e-01,2.761803147493245847e-01,-2.196683724419060679e-01,-4.055948850594357502e-01,-3.169581221876369148e-01,-3.107375461321894017e-01,-2.545409158531985461e-01,-3.399261522715463224e-02
-8.327333927942333069e-01,1.337733986885862869e+00,-7.313008131269478351e-01,-2.144649295396265920e-01,8.083536920039482432e-01,-2.256627004308323636e-01,3.508492704147094798e-01,1.118271740133480185e-01,-3.075846113290543471e-01,-3.017741119965322572e-01,-2.373658384128590759e-02,-2.332449573020551337e-01,8.440810909549101293e-02
-8.398057520450721292e-01,1.601171612901690411e+00,-8.712954319425674221e-01,-2.689080142969342280e-01,5.642518578022517328e-01,-5.637585599069875331e-01,3.585861648520177747e-01,8.217607125963050096e-02,-4.826070226009107067e-01,-7.484536679311439844e-01,-7.455991461707299761e-01,-3.430102229986762286e-01,3.252656417398620547e-01
-9.771253317185162324e-01,1.478818610129773115e+00,-1.172537558642705369e+00,-2.226925569349766931e-01,6.378833781808423975e-01,-6.085055251302181611e-01,-1.046035901487150088e-01,-1.601076719587429809e-01,-1.004435170185629667e-01,-2.944838734597849395e-01,9.501922961445341542e-02,-4.280351161308726393e-02,1.551136277921826845e-01
-6.199852982168125859e-01,1.559665069619313060e+00,-1.132038332848367856e+00,-5.536918311434282369e-01,9.975124900002573236e-01,-2.356896039476327198e-01,3.789706269998462940e-01,-1.961923153078125592e-01,-1.461233712872455071e-01,-3.642440958512218607e-01,-3.075969005867298378e-01,-6.058761057106623049e-01,1.887157845747545748e-01
-8.449274844240461935e-01,1.310615450037290186e+00,-8.248400677621259280e-01,-3.683800379753132681e-01,8.459058773559653410e-01,-4.790746844998907683e-01,1.740831571134208167e-01,-1.142218418550051684e-01,-1.434698732671605970e-01,-5.383118527522601227e-02,1.403604816252779219e-01,-2.131828123822270271e-01,7.850839766582490276e-02
